group_5335.aln,0.015481857395533209
group_5447.aln,0.007302247967582568
rpsR.aln,0.00014197010963512568
gmuA_1.aln,0.019574384215713312
rpsF.aln,0.0022586349305049403
group_4593.aln,0.015299760486705581
qoxD.aln,0.025097377149168383
yabA.aln,0.009557516509641015
rnpA.aln,0.010996419070574429
rplI.aln,0.017862303706632932
group_4528.aln,0.02061096670659185
group_2932.aln,0.03816701381392833
group_2185.aln,0.026627621737801036
speG.aln,0.026958711865885644
tmk.aln,0.018559878812646206
levE.aln,0.022929340490018622
group_1668.aln,0.026487158956258257
qoxC.aln,0.013281941768238013
group_2000.aln,0.020680816392300048
ssbA_1.aln,0.0041592413186934026
khpB.aln,0.007810398272255673
yvgN_1.aln,0.043231302980113316
ycjR.aln,0.030936798669109145
gatB_1.aln,0.01729934326263423
group_1605.aln,0.01514435869278723
manZ_2.aln,0.024847288197909972
licT_1.aln,0.02115682841375403
holB.aln,0.017889794685751966
agaC_1.aln,0.033882399184285004
dedA.aln,0.023200104326974513
dhaK.aln,0.04275698614096073
glvR_1.aln,0.016016298631129217
iolG_1.aln,0.03902034907652312
soj.aln,0.01783615042844315
group_1361.aln,0.023014753563903638
degA_1.aln,0.01890389166099062
ycjQ.aln,0.049815120314578645
cydB.aln,0.023693701603550724
group_2899.aln,0.02973258244367356
ychF.aln,0.04721834253888371
cntE.aln,0.05667590803611733
rpsL.aln,0.0038756340959117926
recF.aln,0.01736214915149972
pdxB.aln,0.04048067154969043
rpsJ.aln,0.0040684380776769
rpmC.aln,5.429840545099877e-05
ptcA.aln,0.012804400380021067
ycjN.aln,0.023436330572405798
rplW.aln,0.0020775330020445615
licC_2.aln,0.03288698982846201
rpmD.aln,0.0002064903111405879
rpsZ.aln,0.0036473167745542023
purA.aln,0.030731395653889278
rpmJ.aln,0.0
rpsQ.aln,0.001954718638302693
dnaB_1.aln,0.04311776853507404
mepA_1.aln,0.043445950294121155
celB.aln,0.014803938084651174
rpsS.aln,0.00016107976490146067
chbC.aln,0.02712837575502975
dnaA.aln,0.013807000307931054
infA.aln,0.009969587940949884
rplV.aln,0.0039740773774192065
norB.aln,0.05332172485971952
mnmE.aln,0.048872025992668634
guaB_2.aln,0.04271026894809234
rplN.aln,0.002012521023483954
cydA.aln,0.015675661669879073
rpsH.aln,0.004624225292860572
rplR.aln,0.0
rplP.aln,0.001955063550200131
gatD_1.aln,0.03803604308735409
bmrA.aln,0.02771918366192739
dnaX.aln,0.0461047820779719
rplC.aln,0.002293733647325837
rpsM.aln,0.00016569842387460497
ecfT_1.aln,0.04727244527993021
cydC.aln,0.05972126861745613
rplD.aln,0.003150825368476523
rpmE2.aln,0.0015498901101609034
rplQ.aln,0.0025221983145401875
rplO.aln,0.002651327886480152
rplE.aln,0.0035022428613655154
group_1106.aln,0.0661938829990223
rplB.aln,0.0054877649411958175
group_4577.aln,0.015138510405308659
rpsE.aln,0.0028374273412389
rplM.aln,0.0036474706983786144
gatC_1.aln,0.009931732648722035
rplF.aln,0.004252291607688588
bglF_2.aln,0.020507003537846555
rpsC.aln,0.0026660459484396234
group_3107.aln,0.021170284977001137
group_2451.aln,0.046825530069699965
apbE.aln,0.01801945245929027
qoxB.aln,0.01552483900321044
truA.aln,0.03083724930554672
ecfT_2.aln,0.04071541954078756
tdk.aln,0.033012677701839556
ulaA.aln,0.028546176510305186
atpC_2.aln,0.005229822034438196
rpoE.aln,0.03058314735614854
lipL.aln,0.033224751162438226
topB.aln,0.027318921876109195
upp.aln,0.022600679837662296
czrA.aln,0.035965219110787004
group_4479.aln,0.014914269177572133
fabZ.aln,0.015592803592136243
group_5428.aln,0.020575058127675884
rpoA.aln,0.0042217536352032806
salA.aln,0.014972789348641487
secG.aln,0.0037546133446316426
atpG_2.aln,0.02205441726538008
kdpB.aln,0.04627220811336476
czcD.aln,0.02423489739444921
group_959.aln,0.03427686616296088
group_61.aln,0.0198798584438932
fba.aln,0.006063779146659831
hpf.aln,0.016848795485243418
prfA_2.aln,0.05047467015561723
yocH.aln,0.013999100560015989
ppaX.aln,0.025363953939577032
secY.aln,0.004677670646675908
phoU.aln,0.02209491972302705
pstA.aln,0.0464906338171457
pstS1.aln,0.0300659462869412
ftsX.aln,0.005847937029279994
ftsE.aln,0.007268846173804925
mbl.aln,0.013576831432368378
gcvH.aln,0.01574240684426532
hom.aln,0.03688441272896531
smpB.aln,0.012608043107323998
yvcJ.aln,0.02665111933395523
fusA.aln,0.0017065244798970304
glyA.aln,0.02532457913312805
clpP.aln,0.018403821253116296
nfuA.aln,0.01398322524683727
lgt.aln,0.022117005407916616
group_1160.aln,0.035052403796452664
yutD.aln,0.024066584894260536
sufU.aln,0.027353798235107866
trxB.aln,0.03987429247986496
est_1.aln,0.025932061284972822
tagT.aln,0.015411502882246972
pyrG.aln,0.03601649323597886
tpiA.aln,0.007999091985138203
dppA_2.aln,0.04423687663382737
mrpF.aln,0.026735504923699388
namA.aln,0.044331714496997236
group_1137.aln,0.029298042763708232
atpD_3.aln,0.018081683749012912
whiA.aln,0.026244083825323634
metP_1.aln,0.03890121690540011
argS.aln,0.048456725311664374
gap.aln,0.005710925306776626
murA1.aln,0.02079561023831142
mrpC.aln,0.026593837938652106
cggR.aln,0.025460776972258202
vanR.aln,0.020520722313483897
mrpB.aln,0.033120314100259084
atpA_2.aln,0.0232841159271287
group_753.aln,0.02441179276244683
group_2873.aln,0.025147527640937407
group_647.aln,0.021528683402330263
licB_2.aln,0.02165910825368614
metQ_1.aln,0.03578342418773318
purS.aln,0.04269618085530871
sufC.aln,0.020505143341687456
yfhA.aln,0.04679295314309411
yugI.aln,0.014114235084682326
mrpE.aln,0.03856407923105625
group_4677.aln,0.015141392209393907
group_2119.aln,0.03889881118869638
fieF.aln,0.013645200749464551
gatC_3.aln,0.02194487260376624
group_1347.aln,0.04421858944491922
pgk.aln,0.015360589460434322
rodA_3.aln,0.02523365558977707
licB_3.aln,0.014334350051375268
licA_3.aln,0.028731632567749563
hrtA_2.aln,0.04387336598947703
ytmB.aln,0.01652289752860355
eno.aln,0.004835056072838032
aroK.aln,0.02252343279191576
group_2516.aln,0.04161244236694181
purE.aln,0.0114101639614118
gpmI.aln,0.0236143558968209
srlR_1.aln,0.029175001115281516
sufS.aln,0.03578344167254597
group_2454.aln,0.013346939802414389
perR.aln,0.014366419727999874
rodA_2.aln,0.011573207932792996
map.aln,0.029050631312093653
group_374.aln,0.02411596209554577
uvrB_2.aln,0.025912518692579486
group_4625.aln,0.002843795507746313
tcyJ.aln,0.03539034292557398
group_752.aln,0.027090029490073747
group_3238.aln,0.02920763280293271
group_3531.aln,0.024000261424304864
lacF_2.aln,0.06711304934507445
group_939.aln,0.03579092401818464
menB.aln,0.04231938513721234
group_1280.aln,0.034432860699037504
yclM.aln,0.036587784367294866
yerH.aln,0.018443105159871236
dagK_2.aln,0.03866255265002505
mnhD1.aln,0.04749871076534271
ahpC.aln,0.03644489076020426
iolU.aln,0.028509632544648052
bceS.aln,0.024869387437592077
tsf.aln,0.015455941857085669
pgi.aln,0.02800811320307485
menA_2.aln,0.02897591057182499
group_2934.aln,0.035368065274394254
rpsB.aln,0.0016370462602915427
secA.aln,0.02162000294408765
mupG.aln,0.04663836337989505
tpx.aln,0.03738888275717626
purF.aln,0.06803231890220464
group_19.aln,0.07834205066259041
group_960.aln,0.013878095654302173
rpsD.aln,0.009578817351271045
group_2955.aln,0.022713160685608105
nrdR.aln,0.0208179383298578
rplU.aln,0.004738060728866773
hemL1.aln,0.046324940750295675
gatA_2.aln,0.05092242589487636
prp.aln,0.013498562742277485
ccpA.aln,0.04809531323052327
trpB.aln,0.03958512018515288
group_4559.aln,0.004922422160484917
gatB_3.aln,0.02956537636380968
group_4766.aln,0.0024113387788709025
engB.aln,0.03122882705181076
group_1001.aln,0.017286449542586277
rpsU.aln,5.9915481876964165e-05
group_4657.aln,0.021434552240869355
uvrA_1.aln,0.034439611529121915
pfkA.aln,0.020529880316748798
group_4027.aln,0.004895188570028041
rpsT.aln,0.005410006931695812
aroA_2.aln,0.039731024422705805
tyrS.aln,0.0515137811132504
yhbY.aln,0.029323020940938114
minD.aln,0.027365605137040054
rsfS.aln,0.021010118551872452
murC.aln,0.03620408374873761
ruvA.aln,0.032849152280518934
yrrK.aln,0.02650235152091967
mreC.aln,0.012434667261883338
apt.aln,0.033273122339045155
greA.aln,0.01802684877211247
hemB.aln,0.023297312940469817
glpF_1.aln,0.02387998463430037
mdtP.aln,0.04915525448739354
murJ_3.aln,0.039627065722197125
yitJ.aln,0.03922780276170993
murJ_2.aln,0.05240674417391192
citZ.aln,0.03529906346049025
group_2501.aln,0.010638695140018032
trmR.aln,0.02324532339703615
uptA_2.aln,0.057153583306625816
tadA_2.aln,0.035118621569125166
asnB.aln,0.034053898943370624
yqeY.aln,0.00784948319796967
pcrA.aln,0.04813899299895321
cdd.aln,0.014986930285697486
group_5646.aln,0.0116837713342276
yrrB.aln,0.020680972975498712
ybeY.aln,0.01721315973305004
ezrA.aln,0.013460775846205785
yccX.aln,0.01877439437926836
zur.aln,0.019611902886615937
mreB.aln,0.016552235120563436
cspLA.aln,0.0
xseB.aln,0.01658169308099684
hemL.aln,0.023775525406832282
group_597.aln,0.01741225505218068
nrgA.aln,0.04294896011592752
opuCB.aln,0.04089938006612995
obg.aln,0.03874057671385094
mnmA.aln,0.047135314877592864
sodA.aln,0.015541554963628508
znuC_2.aln,0.040663730132475415
pyk.aln,0.017301304226525434
rarA.aln,0.028472244827455657
rpsO.aln,0.008244776316070616
group_1147.aln,0.025556106552306255
holA.aln,0.0355311121448553
nusB.aln,0.018290818456144473
group_3585.aln,0.023483275525338625
glpE.aln,0.00939285338783901
leuS.aln,0.032474271112750676
group_4465.aln,0.0035207492567614733
opuCD.aln,0.0274177750380646
pflA.aln,0.031285083597183995
glyQ.aln,0.0489413972394767
thrS.aln,0.03695702209847295
btuD_2.aln,0.023463640652975397
arlR.aln,0.013470193845304857
era.aln,0.018437943873919338
rimP.aln,0.016647560446778294
group_1200.aln,0.024180485432061218
aspS.aln,0.0317677934392712
group_913.aln,0.03722959499853603
nupQ.aln,0.030534133005131282
group_4626.aln,0.024595236423483043
nupP.aln,0.027673906983774716
folD.aln,0.03233127548391993
adhE_1.aln,0.01789797397610591
glnR.aln,0.010695742102072216
opuCA.aln,0.05513523949091912
citB.aln,0.04610995207440743
glpK_1.aln,0.037271918431250606
ybdM.aln,0.022058089771388203
cshB.aln,0.03435844552008834
ypdF.aln,0.036199277293114764
lexA.aln,0.049428253917882026
asd.aln,0.011978435519242802
glcK.aln,0.03710123890441474
clpQ.aln,0.046809901575058974
immR_2.aln,0.019047036482998134
spsB.aln,0.015791369376716515
group_2935.aln,0.09070124949268188
sipS.aln,0.015122563531230334
uppS.aln,0.036666242058973696
nusA.aln,0.03985228236251524
rnj2.aln,0.03348183649094585
pyrH.aln,0.025269651533405386
relA.aln,0.03154355272165568
polA.aln,0.05239265924645474
arlS.aln,0.027127162514290936
recA.aln,0.04185657366673156
valS.aln,0.014333189863666348
gnd.aln,0.024757084022194842
gcvPB.aln,0.04128505668965195
group_1241.aln,0.02136045618438836
recN.aln,0.04159286116571493
rasP.aln,0.03133222646391926
pgpH.aln,0.017243652286958636
clpX.aln,0.02076686060112092
proS.aln,0.030287023707567782
glnA.aln,0.022817393351430498
tig.aln,0.011322616159753475
pnp_2.aln,0.03923406677301708
tkt_2.aln,0.030428368985360207
bipA_1.aln,0.034874645612481533
topA.aln,0.04715573185116368
parC.aln,0.022719391495969625
dinB.aln,0.033225164596057746
rqcP.aln,0.021940082655015115
veg.aln,0.0042536586253452925
spoVG_2.aln,0.002018760738008723
group_125.aln,0.016993314724226532
divIC.aln,0.01192599370864342
pnp_1.aln,0.008065287350891941
pth.aln,0.034403025968008254
group_145.aln,0.012879763475967263
group_148.aln,0.026286074983942538
group_149.aln,0.016857137009584532
group_146.aln,0.01931782051641654
ctc.aln,0.019215111082264515
yknY_1.aln,0.021879900470654794
group_134.aln,0.010017666356446606
group_156.aln,0.021233577490226883
group_151.aln,0.041380768026001595
group_136.aln,0.026503826922302968
coaX.aln,0.0448065731931243
purR_1.aln,0.016078541025254717
dtd3.aln,0.02815279492327606
ldh_1.aln,0.025081235145936326
dusB.aln,0.02674007217701624
rhaR_1.aln,0.024357764648354194
group_143.aln,0.030464808636199832
sorA.aln,0.012798162503769478
gsiC.aln,0.04600910791903797
group_179.aln,0.028383818559094623
sufT.aln,0.017226309771770452
snaA.aln,0.018268347494647723
manZ_1.aln,0.007758212865684248
prs_1.aln,0.017032682068894158
manX_1.aln,0.010625237662355704
group_228.aln,0.008205760176234561
pvdT_1.aln,0.027538015658505697
glmU.aln,0.03068969223871952
tcyK.aln,0.02254819670034164
yraA.aln,0.034295959676162134
group_217.aln,0.01543716497268405
yitU_1.aln,0.06096831759496243
lacR.aln,0.027765924103097143
lysS.aln,0.02478040287148315
group_212.aln,0.006984793452625985
psuG.aln,0.03741074778704051
group_225.aln,0.022989344123895663
artM_1.aln,0.02359063488257037
group_257.aln,0.014199165082343543
hit.aln,0.005797195937749063
group_181.aln,0.039163206946643714
gadB_2.aln,0.033821973333119565
appA.aln,0.028261236443168837
group_268.aln,0.03489758183188982
scpA.aln,0.019761124248849498
ohrA.aln,0.01163976665978617
dppA_1.aln,0.04146172849005828
group_199.aln,0.005507816925495049
spx.aln,0.004639864313941497
group_147.aln,0.03421950396021171
group_197.aln,0.022253348774013647
rluD_1.aln,0.0248699371745519
gltC_1.aln,0.03318160914388881
gloA.aln,0.015016974930474488
trxA_2.aln,0.005741588708724903
group_277.aln,0.005312777164921265
ecsA.aln,0.035246079294643726
aspB.aln,0.042673767033545494
manP.aln,0.019929933972598127
group_304.aln,0.012216791614415303
mecA.aln,0.008868259755740564
metG.aln,0.026008151780000207
gatB_2.aln,0.029674788597914534
fabH.aln,0.015167607414377803
group_264.aln,0.05070357185911869
group_206.aln,0.01732572245489764
hemE.aln,0.021186807748092423
groES.aln,0.014017576369239984
pbuO.aln,0.033401808505631854
rpmF2.aln,0.0030266545377393215
mltF_1.aln,0.037449459654040805
group_265.aln,0.06300151775362617
group_324.aln,0.014072180984470798
group_316.aln,0.039422289287626984
fabF.aln,0.02091400651970101
cspD_1.aln,0.0036758218999339153
fruA_8.aln,0.010767465316445677
rimI_2.aln,0.02184138485397189
group_280.aln,0.021164023934346174
gatY_1.aln,0.02536230785795044
group_283.aln,0.035351741805894954
oppF.aln,0.019298173294419015
chdC.aln,0.03807468741220739
ipdC.aln,0.03401125697369822
nrdB.aln,0.03636771956962917
pdxS.aln,0.06109717659136442
ganQ_1.aln,0.02522544661788444
celR.aln,0.027953488720447207
sepF.aln,0.015658755394892258
pta.aln,0.03386535017637698
fruA_2.aln,0.01914036274375341
divIVA.aln,0.03558533770915023
baiH.aln,0.04548054104555677
yhaP.aln,0.0436818901161982
ctaB2.aln,0.030738897058825095
ctaA.aln,0.03645521271988089
ganP_1.aln,0.031439831903778255
argG.aln,0.036050206403840664
tsaD.aln,0.033936589732532205
glmM.aln,0.022331580869140142
rsmH.aln,0.024172577168153176
cdaR.aln,0.023284287547572828
deoC.aln,0.05334145131704957
yueI.aln,0.019177439138357275
smc_1.aln,0.032560517467258895
hup.aln,0.0020319602320395826
group_322.aln,0.026825302871657627
manZ_3.aln,0.03633574609901034
ytcP.aln,0.029661635821518692
murG.aln,0.03802294027132199
fur.aln,0.02230509495400543
mraY.aln,0.023591970252506086
group_347.aln,0.03301227634661003
group_355.aln,0.0008948562322951255
panD.aln,0.020140337426219554
betL.aln,0.04019281343821174
frlB.aln,0.038039736244219725
mgsA.aln,0.03545444906345645
ilvC.aln,0.039157226785800185
cspD_2.aln,0.012307579358305032
group_346.aln,0.02478704292767444
scpB.aln,0.031032724891881396
murD.aln,0.04535659933947328
group_353.aln,0.013675230930776633
rluB.aln,0.03261147561858723
menG_1.aln,0.04644546487451196
groEL.aln,0.025250238679150917
feuC.aln,0.05153369904616403
gpsB.aln,0.01354776349872874
group_349.aln,0.016059831952276126
group_351.aln,0.023147353895023877
pdp.aln,0.059992364225663244
group_359.aln,0.013893483482935289
ftsA.aln,0.01288864019332584
nth_1.aln,0.015951638431646386
ansZ.aln,0.023673622666745307
group_357.aln,0.011497054965084196
group_344.aln,0.027485831710092563
nrdA.aln,0.025581774426014614
leuC.aln,0.04647804758852156
rpoZ.aln,0.01303270862127194
csoR.aln,0.0102086878645848
rpmB.aln,5.5160284902601924e-05
group_354.aln,0.0179918955031131
recU.aln,0.006853600454379416
deoB.aln,0.03828678864903206
yheS.aln,0.026269815574777422
lysA.aln,0.034136126727050374
leuA.aln,0.03526553532502171
acpA.aln,0.008743499163188397
zwf.aln,0.043195692250500836
rpmI.aln,0.0030094050989981904
der.aln,0.023478937613777007
group_362.aln,0.02204759976719278
ypfD.aln,0.022421434220972578
alsS.aln,0.043014576904904636
group_352.aln,0.031984486879873146
rpsP.aln,0.002102889566526059
yqfL_1.aln,0.0415126030962781
lspA.aln,0.01528878436913103
ilvD.aln,0.0565921865910867
ccpN.aln,0.047686721191225655
group_365.aln,0.030577393033645716
group_363.aln,0.020831138981463285
group_366.aln,0.038863682729737066
gmk.aln,0.024464108026905736
mntB_1.aln,0.030548975882671265
pyrR.aln,0.034296965657108804
rplS.aln,0.004869110499632593
rplT.aln,0.003972321775344951
deoD.aln,0.048490148833161904
ypcP.aln,0.02714129088998876
sdhB.aln,0.04122170730876814
yceM.aln,0.010726647681586822
group_358.aln,0.020873585997709037
fapR.aln,0.008894201041174173
asnS.aln,0.02684281102981657
ypsC.aln,0.031431022909175474
rluD_2.aln,0.02556141798946401
fabG_2.aln,0.029353469263157246
yodB.aln,0.010225388247689862
group_389.aln,0.009878769086287174
plsX.aln,0.020285987428742405
ypwA.aln,0.04854126013825562
ccmL.aln,0.015956323507230353
trmD.aln,0.028222721928804345
group_393.aln,0.03224795528038876
pyrAA.aln,0.03453014641301233
yvqK.aln,0.028934496632888305
pduJ.aln,0.02864448193482946
pduT_1.aln,0.02675888731743878
eutQ.aln,0.02198826076081326
rlmP.aln,0.03488088570483997
pduU.aln,0.034265175846659536
cbiM.aln,0.046813274137436564
group_435.aln,0.00441051968889415
ileS.aln,0.051319651419079175
pduL_1.aln,0.019899535761501434
cbiF.aln,0.04667503804732894
eutT.aln,0.03337026105231695
pduV.aln,0.03610065154446383
pflB_1.aln,0.0281563486084997
group_439.aln,0.01156630359269398
glpF_2.aln,0.02832215117926125
eutL.aln,0.020297500691544814
pduT_2.aln,0.07683271533994346
pdtaR.aln,0.019284408628268176
ysdC_2.aln,0.05027001777433299
group_387.aln,0.026660630119536458
pduD.aln,0.03089985955344148
rpoY.aln,0.019797979623526283
nadE.aln,0.034266279832354384
copA.aln,0.04436041639889333
moaB.aln,0.024783772926752528
pduQ_2.aln,0.04167457870398339
btuF.aln,0.017704644821376004
moaC.aln,0.0478327595198639
pduQ_1.aln,0.04075743409708397
group_472.aln,0.03304048153803929
ykuJ.aln,0.012080641704953697
eutH.aln,0.02647199872181913
dinG_1.aln,0.04300723433213256
recG.aln,0.04226154053534305
def2.aln,0.018927988813001576
ptsH.aln,0.002101868670443081
adhE_2.aln,0.022990847884662737
eutA.aln,0.01138443214885996
crr.aln,0.016546585254921958
priA.aln,0.04249943614021283
modB.aln,0.021944413594985307
cysA.aln,0.00983278825519825
pdhB.aln,0.030725396861719226
dltC.aln,0.020238715481910786
ktrC.aln,0.02223796187808446
group_478.aln,0.00786655912965906
darB.aln,0.009266879843588807
pdtaS.aln,0.021814356017153216
corA.aln,0.015872637649571166
moaA2.aln,0.027435613393228177
gbuB.aln,0.02846989955915246
pdhA.aln,0.019563437807135046
gbuC.aln,0.040392245217468856
dapH_2.aln,0.036238920715763505
group_476.aln,0.03411335657181187
ykuT.aln,0.02662435120805735
pduS.aln,0.07106443533029239
pdhD.aln,0.017455694616081343
pduC.aln,0.032735276073540334
tagU.aln,0.014605014087536375
pdhI.aln,0.01125064217123802
group_474.aln,0.047591324363930494
pduG.aln,0.051067254997160486
liaS.aln,0.01495549612208103
group_473.aln,0.007229361275526099
licB_4.aln,0.040553060400419415
lemA.aln,0.015228279272651454
group_442.aln,0.014834943018220453
group_466.aln,0.027149383078651373
group_483.aln,0.017561016636041062
fabI.aln,0.032902504630228924
dps.aln,0.014891114927462456
nagB_2.aln,0.026281065364185348
cspR.aln,0.023421974027151425
pyrAB.aln,0.04465220192614511
ndoAI.aln,0.01416949718874874
gbuA.aln,0.03140349472609857
nagR_2.aln,0.016871542102169634
ilvE.aln,0.03211444145915741
group_524.aln,0.022085268593085555
spxH.aln,0.027010269964317952
group_526.aln,0.019335095695365564
bipA_2.aln,0.020050466119397647
htpX.aln,0.024412636543674423
gdx_1.aln,0.04593290027796592
celA_3.aln,0.024903741723429695
lacF_4.aln,0.023008190543372786
gdx_2.aln,0.03814331913155996
rsbW.aln,0.027362279359474405
dltB.aln,0.02280397559553633
rnjA.aln,0.013532726991676384
nadK1_2.aln,0.023535541556619386
queT.aln,0.035259432754715124
srtA.aln,0.033099548184950874
focA.aln,0.029372290133190156
psiE.aln,0.021570713520458713
gmuR_1.aln,0.030122098656079847
group_497.aln,0.022342892824811774
dltD.aln,0.013736822433276095
group_515.aln,0.04107634960129734
nagA_2.aln,0.040337048798694215
group_543.aln,0.017095361461657715
prfC.aln,0.03967113879512986
group_540.aln,0.025314834998861207
group_554.aln,0.03012391210305826
group_548.aln,0.011497976709500193
group_547.aln,0.011278608781059357
cah.aln,0.033689894780216605
group_558.aln,0.01356478842563646
rsbRA.aln,0.02219056707329803
ytrA_3.aln,0.012737800532390726
group_552.aln,0.018146467510171616
group_549.aln,0.007205808546782319
coaA.aln,0.014547453187611584
group_544.aln,0.03754412040854887
manX_4.aln,0.027727086497708525
group_557.aln,0.012568770477475422
yvgN_3.aln,0.033329329152063915
potC.aln,0.044454705170262905
potB.aln,0.05153259137616932
group_546.aln,0.03137322360038563
gmuE.aln,0.04580785389059724
group_562.aln,0.015957308336704994
cheY.aln,0.019187951253485984
flgC.aln,0.04684428954463593
group_555.aln,0.01683800964494623
group_550.aln,0.022380539016485165
ddl.aln,0.054946038338499925
group_539.aln,0.032456038195594325
potA.aln,0.04516768378260049
group_559.aln,0.03366766797994926
nsrR.aln,0.031440032417834725
group_553.aln,0.044445960367472524
manZ_4.aln,0.018244960879496674
fliM.aln,0.036892989962632815
group_655.aln,0.034056878832868176
motA.aln,0.022322297095926025
motB.aln,0.03755660043082261
yadH.aln,0.02602499443927706
pdxK.aln,0.04598024813587515
group_601.aln,0.009880872810553065
mltF_2.aln,0.02683572967188627
group_610.aln,0.013888872435774403
hag.aln,0.011377647119557502
cheV.aln,0.04428050551745091
lysP.aln,0.04256200815025144
group_614.aln,0.02194038773365299
cycA.aln,0.03606501104647384
isdG.aln,0.015153789500790422
pyc.aln,0.026120601235876135
ltaS1.aln,0.014891728719950367
group_564.aln,0.018829401221701934
fliD.aln,0.049378834842118344
gmuR_2.aln,0.0534947144868484
flgE.aln,0.05379625936324172
yjjP.aln,0.03273922179629231
group_636.aln,0.014689645851417231
group_704.aln,0.012625925076822657
srlA.aln,0.012403155212125632
kdsD.aln,0.023532430971822855
group_594.aln,0.04113999818230558
ybbH_3.aln,0.05909622776468663
flgK.aln,0.048262951843991535
group_696.aln,0.033422123989608095
group_701.aln,0.0057114380374629105
fliF.aln,0.03662212359914433
gpmA_4.aln,0.016730289123236076
nirC.aln,0.017309084724366586
group_630.aln,0.03132908617447163
group_751.aln,0.020584070000694656
group_711.aln,0.023151359012557358
group_721.aln,0.05240521897026215
aroE_3.aln,0.03958271756337257
rlmI.aln,0.026702116216596194
lacD.aln,0.025714278260166423
sorC.aln,0.014083791071134881
celA_4.aln,0.040607436801181715
group_738.aln,0.007172136188555906
pbuG.aln,0.03663274803248961
group_684.aln,0.018058138233841798
group_669.aln,0.045858333375733515
rlmN.aln,0.03620704040761919
gdh.aln,0.027277045564149692
group_653.aln,0.03679820318795169
group_678.aln,0.024871346602104025
licH_1.aln,0.03823171753174814
group_772.aln,0.006882562469718134
licH_2.aln,0.026441256728459685
dtpT.aln,0.033553668513437586
ltaS2.aln,0.03338587659654849
group_758.aln,0.03630818371787857
flhA.aln,0.04573565385142095
group_776.aln,0.014662286950097175
group_715.aln,0.05108844480893616
group_770.aln,0.04502034346045374
group_775.aln,0.02474519682214037
floA.aln,0.015766330408548964
metP_2.aln,0.03334184185633495
yhhX.aln,0.05583513244455264
group_802.aln,0.03668396495592291
group_774.aln,0.030449188006736592
clahy.aln,0.04370546313359757
group_811.aln,0.036294912164255365
metQ_2.aln,0.01902766980335321
mtnU.aln,0.044638268947272755
walR.aln,0.029085309272384677
licC_6.aln,0.04159135576281509
secE.aln,0.009571508766530519
group_742.aln,0.056983503058985856
metN_2.aln,0.025629054137591017
group_763.aln,0.03070069506623917
rplJ.aln,0.007078071150352661
group_766.aln,0.02447266951811379
rplK.aln,0.0007476920925535052
group_824.aln,0.03779770674772356
group_821.aln,0.06976606956525017
ctsr.aln,0.017561084616862618
group_806.aln,0.031330732769321926
group_823.aln,0.03435110710025395
nrdD.aln,0.031077538168539285
yacL.aln,0.012785925807335988
group_825.aln,0.03632344859467509
group_1095.aln,0.00010859681090199754
group_1086.aln,0.003189519774625166
rulQ.aln,0.01768153751909627
esxA.aln,0.003764341429228501
group_1141.aln,0.001209018494252847
group_1139.aln,0.030384024189471438
mtlF.aln,0.011768075813356328
group_1094.aln,0.03039979911012838
argR.aln,0.016442804486222953
group_1121.aln,0.019518810968798112
rpsG.aln,0.001922717769351393
rhaM.aln,0.018934670890286415
group_1117.aln,0.006850133441201108
group_1152.aln,0.01012682428312113
group_1132.aln,0.028249789137162237
atpH.aln,0.02287399115960079
hfq.aln,0.004943862930123849
group_1103.aln,0.007442957042919464
group_1166.aln,0.029564651989773438
bceA.aln,0.01138394412538981
misCB.aln,0.029589064227400506
sigA.aln,0.01590638054974706
rhaA.aln,0.025183093883131006
csbC~~~glcP.aln,0.014184853694683792
group_1229.aln,0.007325994438692259
serC.aln,0.03199463299632417
group_1231.aln,0.006966859572842033
group_1158.aln,0.03647191714568643
group_1187.aln,0.02546369734686241
rpmF.aln,0.009660278298519415
graR.aln,0.015263805657029905
icd_2~~~icd_1~~~icd.aln,0.032026508524505344
ruvB.aln,0.04239768348940784
group_1182.aln,0.003748685165919631
pstB3_2~~~pstB3_1.aln,0.05377664151408196
gcvPA_1~~~gcvPA_2~~~gcvPA.aln,0.03499521855014983
sigL_2~~~rpoN~~~sigL~~~sigL_1.aln,0.04733771604191301
group_1175.aln,0.05539629150879739
group_1230.aln,0.04226493338291683
nupN_2~~~nupN_1~~~nupN.aln,0.005568489083178757
rbgA_1~~~rbgA.aln,0.023762712128293305
group_1264.aln,0.033347938740428726
yccU.aln,0.011185712715537656
rpmG1.aln,0.00013900391795455686
bglH_5~~~bglH_1.aln,0.01290024515509378
rpmH.aln,7.72243988636427e-05
metN_1.aln,0.04120489604402118
degU.aln,0.007393968416258079
group_1292.aln,0.00913974555357909
group_1312.aln,0.03311132940599018
group_1298.aln,0.021733030687820263
exoA.aln,0.04747108513930429
rpsK_2~~~rpsK_1~~~rpsK.aln,0.0027634426073595876
sbnD_1~~~mdtG~~~sbnD_2.aln,0.054976629926001726
bglF_5~~~bglF_1.aln,0.0122144534926428
pepS_2~~~pepS_1.aln,0.02960443956924575
group_1351.aln,0.0179323723814241
ymdB_2~~~ymdB_3~~~ymdB_1.aln,0.03978499615516253
rny_2~~~rny_1~~~rny.aln,0.00939729595177508
accC.aln,0.038589313831247085
mprF.aln,0.025769404552218374
lepA.aln,0.04102812032206483
group_1418.aln,0.020945705323207747
spoVG_2~~~spoVG_1.aln,0.009580269840006412
group_1428.aln,0.010273679034620588
group_1400.aln,0.02518732434385277
dehH1~~~menH_2.aln,0.030861509829240328
group_1425.aln,0.022215873413118047
khpA.aln,0.009038215668054426
group_1432.aln,0.013803330555796316
licC_5~~~gmuC_3~~~licC_3.aln,0.01891875811711687
rsmA_2~~~rsmA_1~~~rsmA.aln,0.036647355807884474
msrB.aln,0.016412228932714948
melD~~~lacF_5.aln,0.027184276763911178
group_1442.aln,0.002492776585392049
group_1443.aln,0.013615746348196768
chiA1_1~~~chiA1_2~~~chiA1.aln,0.029794610633169606
xpt_1~~~xpt.aln,0.012161567293621854
tseB~~~tseB_1.aln,0.008750658017416472
pduH.aln,0.01371901150509465
atpD_2~~~atpD_1.aln,0.017946027449098786
group_1419.aln,0.04270008725988496
rbsR_2~~~degA_2~~~rbsR_1.aln,0.04351593285535774
group_1449.aln,0.0023940870575705356
infC.aln,0.0028507456655868214
group_1456.aln,0.0086921897639434
group_1461.aln,0.0049257433823029105
guaB_2~~~guaB_3~~~guaB_1.aln,0.042789407747213015
group_1459.aln,0.039652086313212695
group_1466.aln,0.024078613100634392
kdpA_1~~~kdpA_2~~~kdpA.aln,0.03801140850694098
carA_2~~~carA_1~~~carA.aln,0.049515040040136425
gatC_4~~~gatC_3~~~gatC_2.aln,0.039522986147587626
maa.aln,0.041165607214816276
lacF_3~~~lacF_5.aln,0.06138017565809326
ytrB_3.aln,0.012790483971437417
group_1436.aln,0.030998659829747116
azoR3~~~azoR_1.aln,0.03447648420471643
dppA_2~~~dppA_3.aln,0.007550698723822249
group_1455.aln,0.019595255859999293
sigB_2~~~sigB.aln,0.027239569546330278
dhaM2_2~~~dhaM2_1~~~dhaM2.aln,0.03405846350409284
group_1479.aln,0.022076854278652625
ilvB_2~~~ilvB_1~~~ilvB.aln,0.06131771475898038
mogR_2~~~mogR~~~mogR_1.aln,0.01674166186089743
trhP_1~~~trhP.aln,0.05079676247183436
group_1481.aln,0.018225090939983927
group_1488.aln,0.02291304633402663
sdsAP~~~pisa1~~~yjcS_1~~~yjcS_2~~~sdsA1.aln,0.07123071090826182
ptsI_2~~~ptsI_1~~~ptsI.aln,0.020367484406058046
esaB.aln,0.008032763552139496
group_1473.aln,0.032505405025634385
mcsB_1~~~mcsB_2~~~mcsB.aln,0.025107848268365977
gmuD_2~~~gmuD_1.aln,0.058715705424161
group_1540.aln,0.01191257734093951
group_1521.aln,0.016747885674109272
licR_4~~~licR_5~~~licR_2.aln,0.052454068242450004
rhaD_2~~~rhaD.aln,0.01768158125152674
lacE~~~licC_2~~~licC_5.aln,0.033147581647900964
group_1558.aln,0.017478981926289345
hptS.aln,0.0405029245610262
rhaS_2~~~rhaS_3.aln,0.016868921428009845
group_1515.aln,0.05754330396749057
group_1578.aln,0.01582801699412761
atpH_2~~~atpE_1.aln,0.014654300707163307
noc_2~~~noc_1~~~noc.aln,0.018712673129631603
manR~~~manR_2.aln,0.055818038465819994
ypjD.aln,0.0471080861477805
dbpA_1~~~dbpA_2~~~dbpA.aln,0.055171934466893925
gluP.aln,0.021147811365919627
nanK_2~~~bglK_3~~~nagK~~~bglK_1~~~bglK_4.aln,0.017767636679223233
group_1659.aln,0.0040326695812836705
group_1617.aln,0.04888548180875638
group_1622.aln,0.04811533586723454
bceB_2~~~bceB_1.aln,0.027258219327345436
licC_6~~~licC_1~~~gmuC_2~~~gmuC_3~~~gmuC_1.aln,0.026804734572755562
btuD_1~~~ytrE~~~yknZ~~~macB~~~syfD.aln,0.03487829757011778
group_1719.aln,0.011480582437073207
mdrP_2.aln,0.03568457202479677
hpt~~~tilS_2~~~tilS_1~~~tilS.aln,0.027915118571601248
group_1735.aln,0.050193431589890966
group_1730.aln,0.04408892086339018
gsiD.aln,0.05388057153884953
group_1741.aln,0.06943072206140961
group_1739.aln,0.05388457273240646
group_1737.aln,0.055455123922471636
rbsR_2~~~exuR_1.aln,0.051512264855811195
group_1727.aln,0.0428325647402021
cmoJ~~~cmoJ_1~~~cmoJ_2.aln,0.04648206178493922
ymcA.aln,0.04840343751107102
group_1743.aln,0.04402763914493152
group_1738.aln,0.11323862921145308
group_1742.aln,0.062088638292095835
group_1740.aln,0.0784502332863931
luxS.aln,0.07386265949561399
mutM_1~~~mutM_2~~~mutM.aln,0.03162974331587489
dgaR.aln,0.031004858684092165
ptpB.aln,0.03072170394172365
group_1759.aln,0.01232672338698278
group_1756.aln,0.032010136178731816
group_1760.aln,0.026879426459811225
fpgS.aln,0.030027725793062888
ftsW_1~~~ftsW_2.aln,0.08362045384489174
fruA_4~~~fruA_3.aln,0.046547070202544415
dtd.aln,0.03707996234749083
prfB.aln,0.04500446621999271
group_1749.aln,0.04718202481907522
trpE.aln,0.05790352262139572
group_1752.aln,0.0813009281330892
purQ.aln,0.04196884648264599
pcrB.aln,0.03777822287871807
group_1754.aln,0.04391163721516323
group_1769.aln,0.04039086440009418
ywiE~~~clsA_2~~~clsA_1.aln,0.06451756411870033
group_1774.aln,0.03937705322516524
group_1770.aln,0.00811555343258684
group_1762.aln,0.03618076627985716
kdpC.aln,0.02806271376787865
ycjS_1.aln,0.03610440321959542
group_1755.aln,0.07957178669972198
alsE.aln,0.044250056042967764
group_1767.aln,0.04217006559689824
rsgA_2~~~rsgA_1~~~rsgA_3.aln,0.06679516072132294
group_1761.aln,0.03107706534332483
group_1773.aln,0.02315931916864777
gyrB.aln,0.020621466334053904
group_1778.aln,0.06099155947541722
fruA_5~~~fruA_4.aln,0.04924873209502672
dprA.aln,0.09099537872279535
rpe_1.aln,0.05046081116221436
ydaP.aln,0.03480130823219666
yqfL_1~~~yqfL_2.aln,0.056935882592232645
mnmM.aln,0.1011145241569881
group_1729.aln,0.11615033722544983
group_1775.aln,0.047930981088101426
group_1779.aln,0.02851629167402355
trmFO.aln,0.05010650883070302
group_1792.aln,0.04884325562497294
icaA~~~arnC.aln,0.029291060986389984
group_1788.aln,0.028236444510888352
cocE~~~cocE_1~~~cocE_2.aln,0.058144593099767425
tuf_1~~~tuf_2~~~tuf.aln,0.003851490937376073
group_1771.aln,0.025762007813464133
dnaI.aln,0.059373234542649686
thyA.aln,0.04088957990847249
msrC.aln,0.042741262098218255
mtnN.aln,0.06102076948414221
ligA~~~ligA_1~~~ligA_2.aln,0.046723916295313014
phoP.aln,0.04249521922560724
group_1787.aln,0.024830147794809538
folK.aln,0.04134841176969662
group_1791.aln,0.012492832828459744
metK_2~~~metK.aln,0.07714158282220132
group_1798.aln,0.04655719650197615
yjdJ.aln,0.06915504917836637
group_1786.aln,0.11996173794683385
metC~~~metC_1~~~metC_2.aln,0.044162436369556066
katA~~~katA_2~~~katA_1.aln,0.02527353344484041
yjbR.aln,0.07903809891373766
treR.aln,0.05343191213817361
ptb.aln,0.053537555196067475
mro_1~~~mro_2~~~mro.aln,0.020761587333209472
dapA_2~~~dapA.aln,0.04262321750854538
group_1814.aln,0.02610549590471779
hisS.aln,0.04726993792972704
group_1797.aln,0.07118614836121077
bglH_1~~~bglA~~~bglH_2.aln,0.025835461483542276
group_1796.aln,0.04826161420524728
group_1803.aln,0.05827638126683207
ycnE_2~~~ycnE_1.aln,0.046688619299904095
group_1813.aln,0.17691611443420385
group_1805.aln,0.023859433809721893
group_1799.aln,0.02667761271212203
group_1815.aln,0.05764468607201559
group_1800.aln,0.03034040135306274
menF_2~~~pchA.aln,0.02542831617700489
garB.aln,0.0617660469122969
group_1833.aln,0.024474096742914953
glcU_1~~~glcU_2.aln,0.03602606294581846
group_1834.aln,0.016575804806915284
znuA_1~~~znuA_2.aln,0.033198179242906016
tadA_1.aln,0.046402190227909056
group_1816.aln,0.02054930790065531
group_1818.aln,0.03390658229131833
cydD_2~~~cydD_1.aln,0.049010741672197995
iscS_1~~~iscS_2.aln,0.041955169377924956
group_1827.aln,0.03004104060910574
cshA_2~~~cshA.aln,0.014566903118528832
gamA~~~nagB_1~~~nagB_2.aln,0.0706146509192628
murJ_1~~~murJ_3.aln,0.02906856235239177
group_1836.aln,0.043343158749895576
group_1837.aln,0.03743594267761639
group_1819.aln,0.060176392682911535
bglC_2~~~bglC_3~~~bglC_1~~~bglC_4.aln,0.025213598529243913
aes.aln,0.02901579426302669
mpl_2~~~mpl_1~~~mpl.aln,0.034073503910150266
atpG_2~~~atpG_1.aln,0.025966323223521916
ada.aln,0.052516270298863285
group_1855.aln,0.016002755768312133
group_1835.aln,0.024145868909742324
yisK.aln,0.09319619417535518
group_1843.aln,0.01605355673630652
group_1839.aln,0.09386654727346205
group_1828.aln,0.11622465145224697
aroE_3~~~aroE_1.aln,0.03623414644480765
group_1830.aln,0.06074761353887423
gpmA_6~~~gpmA_1.aln,0.026393950267188097
group_1853.aln,0.01505948992236374
group_1854.aln,0.037947892928374305
yvgN_2.aln,0.03429164177301592
group_1862.aln,0.019735766071872093
group_1851.aln,0.05719974870145014
ydiM_2~~~ydiM_3~~~ydiM_1.aln,0.0317294611521201
group_1867.aln,0.025453454603603484
mngA_2.aln,0.020433357673353025
mneS~~~mneS_2~~~mneS_1.aln,0.026870533593593208
nfdA~~~nfdA_2~~~nfdA_1.aln,0.04318358305395953
group_1844.aln,0.05338489497840729
rimI_1.aln,0.051951632027033734
group_1849.aln,0.028320076211242683
group_1856.aln,0.013699105874215217
yvbK.aln,0.061387202925096064
group_1842.aln,0.03699376357048775
inlB_1.aln,0.02776306552326463
ymdB_2~~~ymdB_1.aln,0.06260077465898509
group_1825.aln,0.12681830445600262
group_1852.aln,0.04958892374777788
group_1857.aln,0.02795172761190207
yetL.aln,0.02868250859811413
group_1846.aln,0.0984802059794866
rhaR_3~~~rhaR_1.aln,0.03298137242975573
nagR_1~~~nagR_2.aln,0.06381475669577613
group_1848.aln,0.05179536300266853
pdxT.aln,0.11989096862694228
group_1863.aln,0.034745960698486844
nhaK_2.aln,0.03646419372594404
group_1864.aln,0.04507405996438698
group_1810.aln,0.04066620106505232
natA~~~lptB~~~btuD_1.aln,0.0342345310070644
group_1871.aln,0.018903715200258093
group_1878.aln,0.02323218204540081
yvyI.aln,0.05716494668546134
manX_3~~~manX_2~~~manX_1.aln,0.039009192048275645
group_1847.aln,0.04225243707501285
group_1859.aln,0.024434916558944645
group_1879.aln,0.02962803115909947
tsaB.aln,0.03749403373934452
group_1874.aln,0.017109047699431976
ilvH_1~~~ilvH_2~~~ilvH.aln,0.0627723375683282
group_1890.aln,0.031787793021136705
group_1875.aln,0.04687527817857471
group_1892.aln,0.031532084484183785
group_1893.aln,0.03717576428850637
group_1840.aln,0.020486865906611626
ccrZ.aln,0.035362018808087634
frlR_1~~~yurK.aln,0.03767631035044261
group_1891.aln,0.05065249238454246
cbh.aln,0.018439702304506433
group_1873.aln,0.05246389049548087
divIB.aln,0.029323958729959826
agaC_1~~~agaC_2.aln,0.03909444694749224
betI~~~slmA~~~betI_1.aln,0.029198659219315
minJ.aln,0.025599412995052338
group_1894.aln,0.018996204111028987
yajO_1~~~yajO_2~~~yajO_3.aln,0.05714822857745414
argH_2~~~argH.aln,0.05384035750245364
norG~~~dapL.aln,0.08076050469962733
group_1880.aln,0.03370610073785466
group_1881.aln,0.059384925129007816
rnz~~~rbn.aln,0.030305469727811767
group_1909.aln,0.03535769459606745
group_1897.aln,0.030851545728148345
xerD.aln,0.03533303443311204
uup_4~~~uup_1~~~uup.aln,0.03227299232056819
bfmBAA.aln,0.06060390416026352
purM.aln,0.08188139118533964
resD~~~resD_2~~~resD_1.aln,0.04902933177961613
ftsZ_2~~~ftsZ_1~~~ftsZ.aln,0.020806570622068095
recQ_2~~~recQ_1~~~recQ.aln,0.035471764715890176
glmS_2.aln,0.03359503425037252
group_1911.aln,0.01651601799653485
group_1898.aln,0.03705579610113125
clpB_1~~~clpB_2~~~clpB.aln,0.051656335695246094
yxeB.aln,0.03551427226921839
buk2~~~buk2_2~~~buk2_1.aln,0.033052750439202465
group_1910.aln,0.014667063428135575
group_1918.aln,0.018931906748089426
cmk.aln,0.035873046326290556
punA~~~punA_2~~~punA_1.aln,0.038941492066729
group_1895.aln,0.03020846268692633
group_1906.aln,0.032842226147584856
group_1896.aln,0.023938412552223183
group_1901.aln,0.07103583752976886
group_1907.aln,0.026893472140548613
group_1914.aln,0.05345974454404913
aroB.aln,0.0688299629017829
lipC.aln,0.042885660959664756
polC~~~polC_1.aln,0.030193092510145222
pyrK.aln,0.05684828089891601
group_1926.aln,0.02633017563063479
rlmA.aln,0.016346643444324085
group_1902.aln,0.04533521188822535
group_1904.aln,0.06971094290795983
yloC.aln,0.024535228819541045
group_1913.aln,0.0283259087064418
rimM.aln,0.03871119681410254
group_1919.aln,0.04322775530398791
thiN.aln,0.05079541658047333
rnc_1~~~rnc.aln,0.04127006139817076
puuD.aln,0.05466035126823158
mnmC_2~~~mnmC_1~~~thiO.aln,0.08741373114846193
group_1928.aln,0.06822556754940136
sdhA.aln,0.04946599164726418
fabD.aln,0.04594286092139575
fosX.aln,0.0572747215459485
group_1929.aln,0.055006178771083464
yhfA.aln,0.05250409612472901
pyrP_2~~~pyrP_1~~~pyrP.aln,0.042744075425951794
malS.aln,0.035310425337000705
ftsY_2~~~ftsY~~~ftsY_1.aln,0.05448063960742863
coaBC.aln,0.05965233109025031
purL.aln,0.05535552267262862
secA2_1~~~secA2.aln,0.018917330197169954
group_1934.aln,0.029981646645599155
group_1949.aln,0.025766245052021512
group_1932.aln,0.027817778196771756
group_1938.aln,0.038166822314500054
pyrC_1~~~pyrC.aln,0.048475686453009606
group_1931.aln,0.07368160539684425
sndA_1~~~scmP~~~amaA~~~sndA_2.aln,0.05759035275919868
group_1946.aln,0.09142595925957481
group_1927.aln,0.022811826424041427
group_1942.aln,0.06286099294856017
fhs1_1~~~fhs1_2~~~fhs1.aln,0.05110491600598049
group_1959.aln,0.033771431732078167
pheS_2~~~pheS_1~~~pheS.aln,0.038960611859711516
group_1943.aln,0.036131051109647136
group_1964.aln,0.01901389878153811
dacA_3~~~dacA_1.aln,0.07820947881151544
ffh.aln,0.01510377330190681
group_1953.aln,0.0953360603896263
gmuB~~~gmuB_1.aln,0.04435171777680243
aguA_2.aln,0.023798598440799443
group_1939.aln,0.06093394980282099
group_1945.aln,0.10465805925522038
slyA_1~~~slyA_2.aln,0.033882377869483324
group_1956.aln,0.03334881206496105
group_1966.aln,0.04630592714419846
group_1955.aln,0.028918779292421672
group_1963.aln,0.03179808505620973
group_4533.aln,0.020767182030540118
group_1967.aln,0.026345949381212038
group_1916.aln,0.03779056662242298
group_1952.aln,0.018333028648157054
group_1941.aln,0.05389372071084728
group_1933.aln,0.05639979070128096
tagG_1~~~tagG~~~tagG_2.aln,0.1132768272126366
group_1944.aln,0.03879787357829525
group_4534.aln,0.04073461717271165
group_1954.aln,0.03760150415017223
group_1960.aln,0.024856883983824164
group_1930.aln,0.05782839320854041
eutB_2~~~eutB.aln,0.016064401793932478
bglK_3~~~bglK_2.aln,0.07126572727480118
group_1940.aln,0.03588821812933665
group_1969.aln,0.017383506705497768
group_1977.aln,0.022606815475668597
group_1935.aln,0.05844823976828155
group_1950.aln,0.03525682795142309
group_1989.aln,0.044298440160122646
group_1988.aln,0.058446399144075394
ppdK.aln,0.07262291998783225
purR_3~~~exuR_1~~~purR_2.aln,0.022917498406584243
group_1997.aln,0.027368291272725647
group_1984.aln,0.05059580063442772
group_1991.aln,0.021631760228088503
alr~~~ndoA.aln,0.019346905036518466
group_1985.aln,0.05291302215095798
group_1975.aln,0.024421239006376678
glmS_1.aln,0.03842167002372194
group_1986.aln,0.04195006215868565
nfrA1_1~~~nfrA1_2~~~nfrA1.aln,0.05318663401339434
group_1993.aln,0.08503796715966602
group_1968.aln,0.059163646321095636
group_1976.aln,0.04880080972967527
group_1994.aln,0.12205861739894983
hepT_1~~~hepT_2.aln,0.04067088176325001
group_1978.aln,0.033881508709860564
lplJ_1~~~lplJ_2.aln,0.05021107548504477
group_1996.aln,0.04708744882825235
ysdC_3~~~ysdC_1.aln,0.03534509236676526
mnmG_1~~~mnmG.aln,0.04921858315511293
group_1970.aln,0.05650190990890238
group_1998.aln,0.07156741533347752
bltD.aln,0.07114529270366106
group_1981.aln,0.04845115897329064
group_2005.aln,0.02809332526986298
crtN_1~~~crtN_2~~~crtN.aln,0.027456866392622386
dnaN.aln,0.01763979797970131
group_1995.aln,0.04278805296932913
arsB~~~arsB_1~~~arsB_2.aln,0.09108603918823883
artM_2~~~glnQ_2.aln,0.052507839991244386
group_2010.aln,0.015723343264357814
group_2011.aln,0.01838294568852501
fliE.aln,0.012760282841251585
group_2014.aln,0.03857300283683879
group_1992.aln,0.0822078168863097
group_2024.aln,0.04649065207256929
gmuC_2~~~gmuC_1.aln,0.024453747939966918
exuR_2.aln,0.05102746798340102
group_2015.aln,0.04074211907598756
group_2008.aln,0.03710509233697222
group_1987.aln,0.060262306279489
thlA.aln,0.026645644557856778
ulaB.aln,0.03594669036388049
inlJ_2~~~inlJ_1.aln,0.03870585954660596
group_2017.aln,0.02952366011293023
manY.aln,0.016347938500074613
mltC.aln,0.04694554706468425
group_2022.aln,0.02385557654945786
bglK_4~~~bglK_3.aln,0.03634798900842957
uvrC_2~~~uvrC_1.aln,0.030613535909638882
group_2013.aln,0.024066728544105024
group_2012.aln,0.037389715604708544
mhqA_2.aln,0.09850993709603913
murF.aln,0.044660736970422645
group_2025.aln,0.07757149079558
bcrA_1~~~bcrA_2~~~bcrA_4.aln,0.08103742880791448
group_4633.aln,0.03299912872893342
dagK_3~~~dagK_1.aln,0.04316793211034167
licB_1~~~gmuB_1.aln,0.03860955519480698
potD.aln,0.03931712284354128
nfo.aln,0.04851876419352679
group_2021.aln,0.03254015190628602
ribC.aln,0.03163629115393414
ispH.aln,0.02204193531200624
tetA.aln,0.06604225053441701
malL_1~~~malL_2~~~treC~~~malL_4.aln,0.038785344580740386
pgcA_2~~~pgcA_1.aln,0.0760456763105161
smc_4.aln,0.06713597505027756
group_2031.aln,0.05087489762686342
group_1961.aln,0.0278608200014886
fliG.aln,0.03340148148655548
ydaG.aln,0.06199876729754255
group_2029.aln,0.05178575411139599
cymR.aln,0.053983871577552245
yghA.aln,0.031289506232847396
ywpJ_2.aln,0.01942161062272581
hpr~~~ghrB~~~ghrA.aln,0.06821462819889428
ywjA_1~~~ywjA.aln,0.06468445937459479
group_2001.aln,0.04099767232614738
sftA.aln,0.05670866473502107
group_2038.aln,0.030877611326476498
group_2026.aln,0.036738530196005904
purC.aln,0.04448430748675793
rimI_3.aln,0.02812718444375802
adk.aln,0.030466856167141506
slyA_3.aln,0.06804157992809756
group_2016.aln,0.04715922051269822
group_2039.aln,0.03211380860281089
yhgF_2~~~yhgF.aln,0.05708656131217202
group_2032.aln,0.04139690166979432
group_2052.aln,0.052955542728556494
group_2042.aln,0.04622321615005641
group_2034.aln,0.04345759205546024
group_2053.aln,0.035489833016712824
fbp_2~~~fbp.aln,0.02500215417266858
group_2048.aln,0.03093855537945966
thrC.aln,0.03978548782846325
group_2059.aln,0.03891559090579977
group_2044.aln,0.022985734613022894
purK.aln,0.0260381121034103
group_2023.aln,0.06078673423560438
group_2055.aln,0.037346543985929126
pspB_2~~~gpmA_4.aln,0.04136044843137621
gatB_3~~~gatB_4.aln,0.05004223774103242
group_2033.aln,0.022689989307320007
group_2009.aln,0.12690484883399525
group_2047.aln,0.03436977270371328
group_2062.aln,0.018118060066029444
group_2071.aln,0.08272314891460052
group_2036.aln,0.023215700703955195
group_2065.aln,0.06232572773739406
iscS_2~~~iscS_3.aln,0.06478714935038686
group_2049.aln,0.018914620109599455
group_2066.aln,0.05132734100094023
ypiA.aln,0.07162647889837959
srlE~~~srlE_1~~~srlE_2.aln,0.04639945336598249
rpe_2~~~rpe_3.aln,0.035734561323847024
ywle.aln,0.056344714097057005
group_2084.aln,0.04783594251295019
group_2068.aln,0.05562599855848811
fadA.aln,0.040268947699774967
dxr.aln,0.03551079930569173
group_2075.aln,0.01563059682074929
group_2063.aln,0.041368095110827736
yqhD_2~~~yqhD_1~~~yqhD.aln,0.03199417737413468
ccpB_1~~~ccpB_2.aln,0.0697486456110062
group_2079.aln,0.02321863544179253
scmP.aln,0.060982329501927356
group_2074.aln,0.08387310990046064
group_2077.aln,0.037349037544361766
group_2056.aln,0.03447512498466655
ycjM~~~ycjM_2~~~ycjM_1.aln,0.040090573186186355
group_2089.aln,0.03646518539521675
pgsA_1~~~pgsA.aln,0.02915727506119081
mngA_4~~~manP_1.aln,0.047204839561360755
group_2046.aln,0.08160434682111199
pbpX~~~yfeW_1.aln,0.021802153817689348
group_2086.aln,0.04499509563556051
group_2035.aln,0.03942414673299144
metY.aln,0.038964636759657986
group_2072.aln,0.051314625518094965
nrgB.aln,0.03493440288042804
group_2054.aln,0.09293091041068914
zosA_1~~~zosA_3~~~zosA~~~zosA_2.aln,0.06211441861115556
fruA_1~~~fruA_8.aln,0.05341291827369134
group_2091.aln,0.12606264840300827
ydjF~~~srlR_3.aln,0.06710152907039386
gatC_2~~~gatC_4~~~gatC_3.aln,0.043923279723656436
flgG.aln,0.033539048937757554
iolB_2~~~iolB_1~~~iolB.aln,0.0832054338903858
group_2060.aln,0.03253999037577907
trpF.aln,0.05223622878461544
ywqG.aln,0.04197770362042441
group_2093.aln,0.03560761214017274
group_2085.aln,0.05942368697137815
thiT.aln,0.03399288205512089
argB.aln,0.06640624854483615
group_2109.aln,0.04577985749981874
group_2051.aln,0.06118383778146961
group_2090.aln,0.04207067630779662
mgsR.aln,0.0235228720040712
group_2092.aln,0.02554655032713701
trpA.aln,0.03195132150740637
group_2110.aln,0.09457141422900993
rsmC.aln,0.04293396281081077
group_2078.aln,0.04832144613408549
inl_lmo0514.aln,0.06781630404139101
group_2123.aln,0.06166483810498193
group_2134.aln,0.015235621539305445
pspA.aln,0.057533955355379585
yidA_1~~~yidA_4.aln,0.04166925999507784
ispF.aln,0.025335175580228297
argC.aln,0.044799007632609876
smc_6~~~smc_5.aln,0.034847844957311226
group_2124.aln,0.023062395643141182
group_2087.aln,0.04211312925499753
slyA_1.aln,0.0874082460063819
group_2146.aln,0.017504427056110772
ispD.aln,0.026501391874899697
group_2141.aln,0.031045388047942903
group_2125.aln,0.033846576174070525
adhR_3~~~adhR_4.aln,0.08540852050204104
group_2064.aln,0.04680297765622839
mtnE.aln,0.03808059688975337
fpuC.aln,0.04329474032435267
group_2139.aln,0.0706230698605568
group_2104.aln,0.04337878909900166
group_2103.aln,0.04436899186971034
group_2133.aln,0.04470539557788138
group_2151.aln,0.022808687082933522
group_2150.aln,0.025246382219403278
ytcD.aln,0.03394537222571533
group_2148.aln,0.02952642642923216
group_2140.aln,0.037456769816017324
plsC.aln,0.03385371552876551
group_2070.aln,0.08033648808256778
group_2097.aln,0.03774598872160144
group_2147.aln,0.033014524940893415
argF.aln,0.04143997142058795
group_2145.aln,0.0024265322340140004
yhaI.aln,0.007623448070565469
larR.aln,0.05389332589300615
group_2155.aln,0.011836336836311278
trmK.aln,0.08218888280186441
group_2157.aln,0.027568819224569333
group_2135.aln,0.045414358721326945
yteP_2~~~yteP~~~yteP_1.aln,0.042759574024468165
pyrDB.aln,0.04448887949153276
ytpP.aln,0.04217571342953912
queA.aln,0.027473970532421215
ccpB_2~~~ccpB_1~~~ccpB_3.aln,0.030700704161566686
walK_2~~~walK.aln,0.03554121852397827
group_2136.aln,0.02719491552948143
group_2144.aln,0.024266238729676193
group_2158.aln,0.02023813076991609
group_2154.aln,0.043105591343670195
fabL.aln,0.05005063585066096
group_2153.aln,0.05198437377032066
hrtA_1.aln,0.022319359187007
aroE_2.aln,0.031694419337757816
arcC1.aln,0.0253239822712449
prmC.aln,0.052073420546841456
group_2166.aln,0.04241035491129941
group_2164.aln,0.009794773134748577
grpE.aln,0.04040617790328106
yidA_2~~~yidA_1.aln,0.03825332634493583
uup_1~~~artQ~~~tcyL_2.aln,0.04330405351173879
ycjP.aln,0.04137156925575807
group_2163.aln,0.038457883491978706
group_2161.aln,0.03884964832898629
nanK.aln,0.0312450769201014
trhO.aln,0.019675119085292618
comK.aln,0.20940188501486204
group_2189.aln,0.03183150514057552
cbiH_2~~~cbiH.aln,0.054581118180579216
tagO_1.aln,0.019997686144428085
bcaP_2~~~bcaP_1.aln,0.03345087839713858
group_2182.aln,0.05902926593254013
mccF_2~~~mccF.aln,0.12464692819133483
hssS_1~~~hssS~~~hssS_2.aln,0.04718761341209706
nanE.aln,0.031966304074554384
group_2188.aln,0.028340548618048328
lysC_1.aln,0.026253477822483273
pbpB_2~~~pbpB.aln,0.024438430868981727
cinA.aln,0.04721162733982898
isdE_1~~~isdE_2.aln,0.027755378834439445
lacF_3~~~lacF_2.aln,0.025560938902643954
group_2178.aln,0.06134877548441936
group_2190.aln,0.039843016221089045
dhaL.aln,0.09865285523205033
nupO.aln,0.02435697462988468
group_2199.aln,0.018365876115973883
dut.aln,0.0446931525505846
crnA~~~crnA_1.aln,0.049366932402713774
essB~~~yukC.aln,0.023194096335312796
amaA~~~sndA_2~~~sndA.aln,0.049942092403269744
gadC_2~~~gadC_1.aln,0.015686611200544633
yqgQ.aln,0.011878631213407669
group_2202.aln,0.02371018586690009
rsbRD_1~~~rsbRD.aln,0.05784031651786829
group_2205.aln,0.030348578623881777
adeC_2~~~adeC~~~adeC_1.aln,0.03972891762389995
group_2197.aln,0.028604089895623595
group_2195.aln,0.021788186369266212
murB.aln,0.04061120301038037
group_2218.aln,0.010489483322659391
ackA_2~~~ackA_1~~~pduW.aln,0.02375680902358834
group_2216.aln,0.028932414365673346
atpF.aln,0.026230079260523936
pncA.aln,0.029334990417238728
group_2207.aln,0.03720911619479379
prmA.aln,0.06655727361669564
tlyA~~~tlyA_1~~~tlyA_2.aln,0.036859164071088774
rimJ.aln,0.045022863358672456
mutY.aln,0.036062383610441846
group_2215.aln,0.031394249878246544
gpmA_2~~~gpmA_3~~~gpmA_5.aln,0.06388486281132419
speA.aln,0.037789116629738065
comEC_2~~~comEC_1~~~comEC_3.aln,0.08492832138518884
pbpA.aln,0.013872292563841907
msmX_1~~~msmX_2~~~msmX.aln,0.028941049912951208
egtUBC.aln,0.03541463759508698
group_2229.aln,0.05270661949166727
group_2162.aln,0.048480069368093306
group_2214.aln,0.031790888283991674
group_2236.aln,0.033641546315831806
galE.aln,0.03930206473811272
accA.aln,0.04453556616596135
parE_1~~~parE_2~~~parE.aln,0.04803655742989096
cobB.aln,0.06644390842520842
kdpE~~~kdpE_2.aln,0.056337235464845425
rpiB_4~~~rpiB_1.aln,0.059626817579204724
licR_3~~~licR_4~~~licR_2.aln,0.05658632593281079
yheI.aln,0.027362177941726854
gpmA_3~~~pspB_1.aln,0.08737881091238794
group_2221.aln,0.03948308473140295
dnaK_3~~~dnaK_2~~~dnaK_1~~~dnaK.aln,0.028703574285095065
dnaG.aln,0.03634237982024684
group_2196.aln,0.030953387052303674
miaA.aln,0.040074464432428965
yheH~~~mdlB.aln,0.04196865551274361
rhaB_1~~~rhaB~~~rhaB_2.aln,0.035724430405985476
cpoA.aln,0.02407765353390891
xylB.aln,0.03422297232884175
mgtB.aln,0.0636183757844732
pgdA_3~~~pgdA~~~pgdA_2.aln,0.01992538757200543
group_2227.aln,0.05046963775178136
group_2219.aln,0.01882178246565528
ytrB_1~~~ytrB_3~~~ytrB_4.aln,0.03118611088521063
group_2235.aln,0.05318252441756064
dpiB.aln,0.03333728121481729
mngB_4~~~mngB_1~~~mngB_5.aln,0.057152261706525126
group_2233.aln,0.015987177944393617
hflX_2~~~hflX_1.aln,0.06307505389372811
fabG_3~~~fabG_2.aln,0.03877580518432537
dinB_2~~~umuC~~~umuC_1~~~dinB_1.aln,0.06821083429610199
group_2251.aln,0.03591229094451416
group_2220.aln,0.15869106911213524
nadA~~~nadA_1~~~nadA_2.aln,0.09342290288431712
group_2230.aln,0.031797744358221205
group_2250.aln,0.022979753090092567
adhR_2.aln,0.02443954887926888
group_2238.aln,0.07263315321975826
ybhA.aln,0.028692508006982323
recO.aln,0.07136549079163393
mhqD.aln,0.06064666084289448
gor_1~~~gor.aln,0.047937630725910736
group_2263.aln,0.05809823811570243
group_2237.aln,0.08626952511074966
group_2265.aln,0.03433357368810528
ecfA1.aln,0.07073238676133022
group_2253.aln,0.0208250277939282
group_2186.aln,0.01967282626772305
group_2241.aln,0.03935087003831967
murAB_1~~~murAB_2~~~murAB.aln,0.07936370112480177
group_2254.aln,0.06410300279797201
pstB3_2.aln,0.022006285044368894
mshA.aln,0.015913418470663507
hexR~~~murR.aln,0.05928627212604384
accD.aln,0.047621012824647445
group_2252.aln,0.04080539572151328
group_2248.aln,0.01926086399845361
nrnA.aln,0.061540500982680414
group_2260.aln,0.04636555655889021
group_2261.aln,0.032290449870617285
lipC_1.aln,0.04076907338338136
recX.aln,0.05683937427934551
prsA1_2~~~prsA1_1.aln,0.03844934071587632
group_2267.aln,0.07384628441688199
proC_1.aln,0.04416491878525751
codY_1~~~codY_2~~~codY.aln,0.03870889437592894
capA.aln,0.0393078607457135
iap_1.aln,0.013328757952964435
srrA.aln,0.02748155694923754
group_2293.aln,0.03243264876765673
araQ_2.aln,0.03956477470863629
frlR.aln,0.03510292072044194
group_2275.aln,0.03233663012487705
group_2279.aln,0.033038185259991665
group_2294.aln,0.04547233332668723
mreD.aln,0.012407332511014042
darA.aln,0.03891974903098938
cutC_1.aln,0.028945496956966205
group_2273.aln,0.03302075353052601
yigZ.aln,0.03462042521998412
glpD_1~~~glpD~~~glpD_2.aln,0.038996227866488944
ydfK~~~ydfK_2~~~ydfK_1.aln,0.04678903974901987
group_2272.aln,0.018130980006616483
group_2287.aln,0.009974787215884632
degV.aln,0.027615173245304565
sppA_1~~~sppA~~~sppA_2.aln,0.04408099806061274
group_2292.aln,0.05204497847099324
group_2298.aln,0.04618302310952687
group_2295.aln,0.07341404954445875
mccF_1~~~ykfA.aln,0.19147500950364912
clpY.aln,0.03654792033263406
group_2296.aln,0.09260445556583125
trpC.aln,0.0380959054784868
plsY.aln,0.053103624575071125
group_2299.aln,0.015534414136275461
group_2320.aln,0.03275144188407749
group_2324.aln,0.01953289348916915
phoR.aln,0.0447605238072076
accB.aln,0.05478339050545023
yqgN.aln,0.029995410693167416
spoIIIE.aln,0.04787294286342757
group_2323.aln,0.020193771354522085
group_2315.aln,0.046820564557167516
group_2313.aln,0.045680342739218255
group_2341.aln,0.03558413330855912
group_2305.aln,0.04507884726586452
group_2302.aln,0.02987581836261182
group_2347.aln,0.05636957445362751
group_2319.aln,0.03604571001403404
group_2333.aln,0.06585478123167106
celD~~~licA_2.aln,0.039156061598887786
group_2343.aln,0.05264328737948466
group_2297.aln,0.03929059678284555
atpC_1.aln,0.025097814247374884
group_2349.aln,0.04311512121256304
celA_1.aln,0.024021835877230818
est_2~~~est_1.aln,0.030485749347610232
licA_2.aln,0.006501484372860873
group_2366.aln,0.028811086916927083
bglH_5~~~bglH_1~~~bglH_6~~~bglH_2~~~bglH_4.aln,0.0608740581260914
ssbB.aln,0.011487179713811758
proB.aln,0.10774427616822865
rpmA.aln,0.005001805999441481
group_2376.aln,0.07290342540058319
yidA_2~~~yidA_3~~~cof.aln,0.048400580474620924
group_2314.aln,0.0588624588178092
group_2363.aln,0.05351610351836632
pgcA_1.aln,0.04367911504417007
tagA.aln,0.02420238136662294
group_2304.aln,0.04482331587536419
glyS_1~~~glyS_2~~~glyS.aln,0.11432278266657034
group_2143.aln,0.1075191692434206
glnQ.aln,0.05548353649172513
group_2374.aln,0.026577735226880086
xseA_1~~~xseA~~~xseA_2.aln,0.03750732714804442
group_2377.aln,0.025622843960586766
prkC.aln,0.045207788469208005
menH_4~~~menH_1~~~menH_3.aln,0.03969658459290881
group_2370.aln,0.04759974144598997
group_2378.aln,0.030007223748746543
group_2357.aln,0.016063318345197315
group_2386.aln,0.02509989262819077
ctsZ_2~~~ctsZ~~~ctsZ_1.aln,0.047550027577611315
mggB.aln,0.05974223058511963
minC.aln,0.025348449557018555
arcA_1~~~arcA_2~~~arcA.aln,0.025287370611416136
kdpD_2~~~kdpD~~~kdpD_1.aln,0.08168955816072322
yjlD.aln,0.01777332470799147
hcxA.aln,0.051786329079992074
group_2379.aln,0.014760267238181485
group_2387.aln,0.03209071084152027
group_2395.aln,0.03397505369430379
group_2354.aln,0.028737329213317987
mrpA.aln,0.052826704440476775
menA_1.aln,0.04546963696619276
msrA_1~~~msrA_2~~~msrA.aln,0.0315742204580923
group_2398.aln,0.04900850500218113
prfA_1~~~prfA_2.aln,0.018155735201911948
menE.aln,0.07292170192971999
group_5662.aln,0.02513311450709348
ecfA2_2~~~ecfA2.aln,0.031254196919764186
hssR.aln,0.030272632207857496
group_2396.aln,0.03866362198622714
group_2391.aln,0.017922157265402472
yesO.aln,0.056994799092148364
group_2409.aln,0.03207070064217782
yceI.aln,0.01887260136453998
group_2405.aln,0.04182006863816523
group_2420.aln,0.05186306960165917
rne~~~rne_2~~~rne_1.aln,0.04237021993629968
group_2426.aln,0.03762771784497497
group_2389.aln,0.026285087255551613
ytcP_2~~~araQ_3.aln,0.050944582760762795
group_2418.aln,0.022124709500263483
group_2383.aln,0.04409847933296337
group_2423.aln,0.017793647251815106
group_2417.aln,0.02944162150618688
znuC_1~~~znuC_2.aln,0.039111416797129483
ispE_1~~~ispE_2~~~ispE.aln,0.018829058655227614
nth_2.aln,0.0722952008656432
group_2425.aln,0.042586191277296986
group_2414.aln,0.023686901526844103
group_2400.aln,0.025307896235495984
group_2416.aln,0.02947670087556359
group_2424.aln,0.028339976519368426
group_2399.aln,0.02904562995513648
rpiB_2~~~rpiB_3.aln,0.03952652838560316
fliP.aln,0.029982194855666406
group_2419.aln,0.05144596334653539
rarD_2~~~rarD_1~~~rarD.aln,0.05959488834309093
group_2404.aln,0.01649828689594794
ppaC.aln,0.04644273883369265
licC_2~~~licC_1~~~licC_4.aln,0.059480443600828034
aguA_1~~~aguA_2.aln,0.017480288750923275
drrB1~~~drrB3.aln,0.06400892717049311
bceB_2~~~yxdM~~~bceB_1.aln,0.02195130769218481
group_2422.aln,0.044370774454845274
rpoC_2~~~rpoC_1~~~rpoC.aln,0.014215832100451244
group_2427.aln,0.02495906475900298
group_2428.aln,0.019306949683914134
group_2382.aln,0.06098532754378287
group_2429.aln,0.04096588164285501
group_2439.aln,0.017722181156430206
group_2430.aln,0.014686958669449256
spo0J.aln,0.048844422853703315
cutI.aln,0.05290098846289473
malL_2~~~malL_3~~~malL_1.aln,0.03786891658790477
yokD.aln,0.05245710634408506
yfmL.aln,0.03639280235818983
group_2440.aln,0.031685871276327895
group_2436.aln,0.043771952089151814
licA_1.aln,0.03344552445607461
group_2432.aln,0.026083427873364855
claer~~~yodC.aln,0.032260516320375736
group_2448.aln,0.06155101330079933
frr_1~~~frr.aln,0.02029862906921393
tcyL_1~~~tcyL_2.aln,0.034557132177898554
tcyM~~~tcyM_1~~~tcyM_2.aln,0.053376237659856975
group_2460.aln,0.027171989698130238
group_2458.aln,0.01487037778572597
group_2469.aln,0.028392798829056428
yacP_1~~~yacP_2~~~yacP.aln,0.06959434956914813
group_2444.aln,0.054403266339749734
ulaC_2~~~ulaC.aln,0.038516650885378007
sigH_1~~~sigH.aln,0.045089892143813086
group_2470.aln,0.02249157654336047
group_2467.aln,0.033476859644852294
nhaK_2~~~nhaK_1~~~nhaK.aln,0.056067219613577836
group_2455.aln,0.04397930697245522
ydhP.aln,0.056906566031245234
group_2375.aln,0.08871986198623524
group_2461.aln,0.05448547383421079
group_2457.aln,0.026925881766677203
group_2472.aln,0.04966759960161758
group_2477.aln,0.02184788342541986
gadC_2~~~gadC_1~~~gadC_3.aln,0.052317280265731646
group_2450.aln,0.05066474176616325
lacC_2~~~tagK.aln,0.02239160882805056
group_2447.aln,0.035370460742107764
cysG_1~~~cysG~~~cysG_2.aln,0.08331584580612267
gltA~~~gltA_2~~~gltA_1.aln,0.0564306290988785
group_2464.aln,0.07894147636561434
group_2483.aln,0.06845071469709262
axe2.aln,0.041062049278829095
group_2484.aln,0.03556160513439173
agrA~~~agrA_1~~~agrA_2.aln,0.012976553009803125
rqcH_2~~~rqcH.aln,0.05766217431249324
celA_1~~~celA_5.aln,0.016658552633637098
mupP.aln,0.050715786023178853
pepC~~~pepE.aln,0.05776024281945905
group_2468.aln,0.029964463748708356
group_2498.aln,0.02115288730959866
group_2508.aln,0.02676767461087711
group_2504.aln,0.01701865219052957
bglF_4~~~bglF_5~~~bglF_2~~~bglF_3.aln,0.026665016769090513
group_2499.aln,0.02944925292025098
gloB~~~gloC.aln,0.05534768530587255
group_2466.aln,0.023355170407088763
cvfB_2~~~cvfB.aln,0.04756716782441713
group_2505.aln,0.0382372094075885
manX_3~~~manX_4.aln,0.016269338932480986
ybaK.aln,0.04152080386518818
group_2491.aln,0.07524023598715683
group_2506.aln,0.03168410843928997
group_2480.aln,0.02810593136279131
group_2536.aln,0.04823880767901271
group_2490.aln,0.05869385494345496
group_2552.aln,0.0584752448427243
group_2507.aln,0.04521500761358011
group_2528.aln,0.06692624183998638
dapH_1.aln,0.021596161929738136
group_2559.aln,0.039071372240351426
uvrA_3~~~uvrA_1.aln,0.04018301816790007
rsbU_2~~~rsbU~~~rsbU_1.aln,0.025503352259632215
group_2514.aln,0.04305676282220254
glvR_2.aln,0.04707559071018142
mngB_2~~~mngB_3~~~mngB_1.aln,0.05205824310086321
menF.aln,0.06175982451791455
opuCC.aln,0.03864919599500528
prpB.aln,0.05928142671572085
yycB_2~~~yycB~~~yycB_1.aln,0.04803499048904642
udk_3~~~udk_2~~~udk.aln,0.03644869727980512
oppD_2~~~oppD_1~~~oppD.aln,0.01558402604472782
group_2534.aln,0.02594635481294177
group_2519.aln,0.0557723833198534
group_2573.aln,0.027654379950297722
group_2481.aln,0.04540003345809511
group_2551.aln,0.07594830738453848
group_2479.aln,0.026782363158184268
group_2560.aln,0.06178383083673631
group_2540.aln,0.037434691613608156
yneA~~~yneA_1~~~yneA_2.aln,0.061184132474707595
rpoB_2~~~rpoB_1~~~rpoB.aln,0.0159662898168191
mreBH.aln,0.04423537092780019
group_2546.aln,0.07484179143307704
group_2578.aln,0.07826277282869744
trxA_1.aln,0.022480241260213245
group_2574.aln,0.017399656841947463
group_2564.aln,0.10554833981678885
mltG_1~~~mltG_3~~~mltG_2.aln,0.04046904486508381
group_2589.aln,0.026631059953044316
group_2563.aln,0.016323038262638513
group_2590.aln,0.02917051544100976
menI.aln,0.04094081636190485
mtnB~~~drdA.aln,0.03663417961984567
yumC_1~~~yumC_2~~~yumC.aln,0.05387666493681475
group_2571.aln,0.03447014066144658
group_2601.aln,0.028522988856138153
mtlA_2~~~mtlA_1~~~mtlA.aln,0.03917800549548375
group_2581.aln,0.012659573428158216
misCA~~~yidC2~~~yidC.aln,0.017936712428708652
nadR~~~nadR_2~~~nadR_1.aln,0.1373234275073464
group_2525.aln,0.040773084612109885
bglH_3~~~bglH_4.aln,0.030351923504639732
group_2596.aln,0.054674849921872645
group_2576.aln,0.04120110754049365
mnaA.aln,0.07062379998401339
group_2572.aln,0.03731565818621772
group_2588.aln,0.03763051511723255
panE.aln,0.027423533679124156
ldh1~~~ldh_2.aln,0.061225427274811714
rpsN2.aln,0.05392138393360328
group_2612.aln,0.05333157753582097
group_2456.aln,0.04496010266920688
group_2615.aln,0.043763422637740856
rsbT~~~rsbT_2.aln,0.017872129857727716
dapF.aln,0.08789683548060402
ydfG.aln,0.0437521428385775
mntR.aln,0.01966475314346671
deoR.aln,0.05125823908142182
group_2605.aln,0.04958224017100125
sipV.aln,0.020145967905787748
dnaD.aln,0.013628586964525255
recD2~~~recD2_2.aln,0.03191422190460228
ribU.aln,0.0874749184802901
gbpA.aln,0.0580724853705139
hepT_2.aln,0.05521729027274903
uptA_1.aln,0.03710497546432844
group_2587.aln,0.043824323759454185
comFC.aln,0.03160784275667494
cutJ.aln,0.043979986517158114
leuB.aln,0.0423666453547802
murE.aln,0.03712663198353344
group_2610.aln,0.06008204315356642
group_2607.aln,0.04857799236840524
gpsA.aln,0.0275047090208553
group_2622.aln,0.013995501533889074
bbmA~~~bbmA_2~~~bbmA_1.aln,0.05159416575703917
group_2618.aln,0.0354742293801204
rplX.aln,0.013363057134685422
lacX.aln,0.03662565333795742
group_2770.aln,0.053297278624274906
ysdC_1~~~ysdC_3.aln,0.06239996873970287
ytkD_2~~~ytkD.aln,0.04333417432156858
group_2858.aln,0.0939595629232301
ypjQ_2~~~ypjQ_1~~~ypjQ.aln,0.03770550964586327
group_2838.aln,0.028084408028063695
yutF~~~yutF_1~~~yutF_2.aln,0.029239189585873647
mdrP_1~~~mdtH~~~mdrP_2.aln,0.03502593113079943
glcU_4~~~glcU_3~~~glcU_2.aln,0.036079745137602995
inlJ_1~~~inlJ_6~~~inlJ_2.aln,0.09380347071991316
ribCF.aln,0.06670517609067918
purD.aln,0.05937564702605027
inlC.aln,0.02118802079642373
group_2901.aln,0.0511134054874283
yjbM_2~~~yjbM_1~~~yjbM.aln,0.031188874517442462
group_2891.aln,0.02020192418974716
pocR_2~~~pocR_1~~~pocR.aln,0.03842741955065314
ldh_2.aln,0.07175319948929797
group_2865.aln,0.04620461036098839
yesV.aln,0.03695014450964734
rsmE~~~rsmE_2~~~rsmE_1.aln,0.07568036030639293
group_2938.aln,0.08254007415071038
group_2906.aln,0.046451051247178535
group_2927.aln,0.048238812616974776
group_2924.aln,0.030480706064254345
azoR.aln,0.06811342405031243
cutC_2~~~cutC_1.aln,0.0712373169459618
rnhB.aln,0.06119369481955495
tag.aln,0.039663845438359054
nanR~~~pdhR.aln,0.025879102012157176
gcvT.aln,0.04857116659481911
glxK~~~garK_1.aln,0.03099067831359495
ywaC.aln,0.05710211081520691
group_2948.aln,0.044134807980202674
bglB.aln,0.05339656271259469
group_2950.aln,0.022664858810094602
pdhC.aln,0.03963090610198701
pabA~~~trpG_2.aln,0.04216788178495561
comC.aln,0.03844382981097468
fdhD.aln,0.032415135348921105
group_2925.aln,0.0241008696986117
glpP_2~~~glpP_1~~~glpP.aln,0.026303377979464918
group_2937.aln,0.02721931615095207
dxs.aln,0.03101701329403729
group_2718.aln,0.04445613433405117
sbcD.aln,0.04776383687874982
norR_2~~~dgaR_1.aln,0.041115389202295315
rssB.aln,0.054723035356934235
rbfA.aln,0.015248928996895483
essC~~~eccC~~~essC_2~~~essC_1.aln,0.21212834866998465
alaS.aln,0.03277033037976111
group_2949.aln,0.03963759820731884
lnrL_2~~~bcrA_2~~~bcrA_1~~~bcrA_3.aln,0.0284418927873601
group_2965.aln,0.09802564632332623
group_2961.aln,0.04289137471528941
cgoX~~~cgoX_1~~~cgoX_2.aln,0.06110278705042543
hemA.aln,0.04113043753412621
group_2636.aln,0.028495852386556622
rsbRD_2.aln,0.03490195572077282
comEA.aln,0.08689512579610806
group_2553.aln,0.03282897182655338
group_2648.aln,0.11008339761162224
aaoSo_1~~~aaoSo_2~~~aaoSo.aln,0.0353339425783967
group_2650.aln,0.044998706533347914
group_2631.aln,0.02692746548146469
sgrR_2~~~sgrR~~~sgrR_1.aln,0.03392312821938804
ddpX.aln,0.018202557348648448
fmt_2~~~fmt~~~fmt_1.aln,0.03518268275558955
group_2632.aln,0.045910069148694374
group_2643.aln,0.14910139588873825
group_2633.aln,0.05825315471677739
group_2653.aln,0.06583319626458554
pepS_1~~~pepS_2.aln,0.054011893885998426
group_2673.aln,0.011890471227508156
resE.aln,0.03228610143064546
group_2640.aln,0.048016592601314544
group_2659.aln,0.04955840421029605
gmhA~~~murR_2~~~ybbH_1.aln,0.04002749412922875
group_2652.aln,0.056100251484035926
sorF.aln,0.03342210146168038
group_2634.aln,0.052518047450721216
group_2665.aln,0.01837048584576456
group_2684.aln,0.01512983839133834
dgkA.aln,0.024879402046737165
gltC_2.aln,0.03183669026551564
group_2638.aln,0.04060392133461545
group_2657.aln,0.04751156976228806
ycsE~~~ybhA_2~~~cof.aln,0.04721283883277111
bioC_2.aln,0.18751056566268937
ldh_1~~~ldh_3.aln,0.02892155289468305
yidD.aln,0.0663590879241648
group_2683.aln,0.027208940449228683
group_2674.aln,0.06789087996597394
group_2656.aln,0.05652057147517418
ackA_2~~~ackA_3~~~ackA_1.aln,0.04204952104483574
group_2663.aln,0.02055832121877209
yqeH.aln,0.055064199668830034
group_2790.aln,0.016191326910463277
group_2810.aln,0.04710731278956749
hprK_2~~~hprK_1~~~hprK.aln,0.02158344396573509
rnr~~~rnr_2.aln,0.04403744476376255
group_2817.aln,0.019691832025187865
group_2809.aln,0.030297457663289357
group_2788.aln,0.060535722703149775
group_2818.aln,0.02901580069583322
patB_1~~~patB~~~patB_2.aln,0.04479864485321634
group_2808.aln,0.006628272137546086
mhqA_3~~~mhqA_4.aln,0.05281537132182558
fluC2~~~fluC2_2.aln,0.03346796521447873
tgt.aln,0.030721551049095134
menE_2~~~creM.aln,0.04622347329050326
group_2843.aln,0.04675778240099055
nadD.aln,0.05892930464220522
group_2677.aln,0.02361026520297574
ykwC~~~ykwC_2~~~ykwC_1.aln,0.023602839577910997
ywlF.aln,0.04737562114922325
drrA1~~~drrA1_1.aln,0.041469845726060384
group_2669.aln,0.029400885371012587
group_2678.aln,0.0371123803957018
galK.aln,0.025935735349869253
group_2670.aln,0.029787053032946077
group_2711.aln,0.03836629617857426
group_2696.aln,0.0515538423042499
group_2649.aln,0.030578709381108963
group_2723.aln,0.04933533038902194
coaE.aln,0.047356991938291265
group_2703.aln,0.19294736239628343
group_2662.aln,0.03088060690106326
group_2682.aln,0.03892810594014551
group_2713.aln,0.05503080563129865
group_2704.aln,0.03735627457016618
flgB.aln,0.03146335966791352
ponA.aln,0.022030813441799246
group_2709.aln,0.05776158218920413
rpsI.aln,0.01272433075132272
group_2756.aln,0.03227110166147589
yfeO.aln,0.06938525700845312
group_2702.aln,0.13326902637588273
group_2747.aln,0.03191251953560438
group_2737.aln,0.016349988365099953
group_2675.aln,0.06600140092460142
spaR.aln,0.05490935369276086
pfyP.aln,0.026631494238855694
group_2701.aln,0.06283730677350158
group_2766.aln,0.017298111857658102
ald2~~~ald.aln,0.04683105778609522
group_2764.aln,0.015822013730379524
group_2714.aln,0.036938253672682705
mngB_2.aln,0.07103755257159482
group_2763.aln,0.06060535635127545
group_2755.aln,0.0894279372324546
group_2739.aln,0.046847367418537865
group_2743.aln,0.03771830474141214
group_2679.aln,0.02273333951707372
flhB.aln,0.038104743941799094
dnaB_1~~~dnaB_2.aln,0.058827328992106374
group_2779.aln,0.06241023492415559
recJ.aln,0.052505891901449844
group_2757.aln,0.04309424359768457
znuB_1~~~znuB_2.aln,0.03377944201224517
group_2769.aln,0.03429970012899312
group_2786.aln,0.04638089786292083
ycaD.aln,0.03280947807393298
group_2734.aln,0.04422312933148843
group_2793.aln,0.057115084429834845
group_2789.aln,0.038094970878020905
srp54.aln,0.03623243702339424
metXA_2~~~metXA.aln,0.04282737782997564
group_2794.aln,0.07341893225944567
licT_2~~~licT_1~~~licT_3.aln,0.04382189022911188
clpE_2~~~clpE~~~clpE_1.aln,0.04315096084300193
nagK~~~nanK_2~~~nagC~~~nagC_2~~~nagC_1.aln,0.05212843373592882
alkZ_1.aln,0.11540573846938991
yfiC.aln,0.048844002859846865
group_2798.aln,0.01837092368054614
mltG_2.aln,0.02343940511202202
adhR_1~~~adhR_4~~~adhR_3.aln,0.06897237160643623
group_2767.aln,0.10285104748400302
yadG_1~~~yadG_2~~~yadG.aln,0.03862396191898286
ubiE_1.aln,0.04612247494451708
sunS.aln,0.0467198575775225
hisC.aln,0.06455477713080893
group_2775.aln,0.040586933605477174
gdpP.aln,0.02801073718621778
truB.aln,0.09658955115531839
rodA_1~~~rodA_3.aln,0.07512917652008551
group_2944.aln,0.02135335424535712
group_2960.aln,0.039696617729602396
group_2963.aln,0.0162330284124209
malP_1~~~malP_2~~~malP.aln,0.06156542135607514
yfbR.aln,0.040242540769690735
group_2953.aln,0.03852367194497671
dacA_1~~~dacA_2.aln,0.026279157411814573
group_2952.aln,0.020920060747154252
group_2956.aln,0.04034869941110706
group_2966.aln,0.03294644527292257
yddE.aln,0.10119900719791264
group_2962.aln,0.06798426292197007
group_2974.aln,0.08827858191922086
hsrA.aln,0.057942684986340545
group_2982.aln,0.048989590826133224
tal_3~~~tal_1.aln,0.06198845416335041
group_2951.aln,0.09353171844885527
metI.aln,0.05454520706619819
atl_2~~~ami~~~inlB_2~~~inlB_1~~~inlB_3.aln,0.1503395730140076
kimA_2~~~kimA_1~~~kimA.aln,0.024514312666820175
group_2988.aln,0.01330324197495006
group_2990.aln,0.08342119076389294
tkt_2~~~tkt_1.aln,0.04784961572090868
apeX.aln,0.04313275087946988
mutS.aln,0.02463832648639407
ycjT.aln,0.04731480733559125
manR.aln,0.07365972746267832
gyrA_1~~~gyrA.aln,0.031004549227070154
tkt_5~~~tkt_4~~~tkt_3~~~tkt_2.aln,0.05562616275290297
group_2957.aln,0.05677865672244127
licR_1~~~licR_3~~~licR_6~~~licR_5.aln,0.06772816586229241
serS.aln,0.047942575561585224
secDF_2~~~secDF_1~~~secDF.aln,0.0330147983012125
group_2991.aln,0.04560088243410895
pdeC~~~nbdA.aln,0.06333810285857285
group_2964.aln,0.027324209806044324
licR_4~~~licR_3.aln,0.07056449801712163
group_2968.aln,0.06477997019566041
mngB_1~~~mngB_3~~~mngB_2~~~mngB_4.aln,0.0779100118911987
group_5955.aln,0.0461974061634739
pepF1.aln,0.060577179707865636
licR_5~~~licR_1~~~licR_2.aln,0.027082579810357256
nnrD.aln,0.05567785953807566
thiI_1~~~thiI.aln,0.03266046542719943
cysK_2~~~cysK_1~~~cysK.aln,0.03405385868123677
group_2939.aln,0.04824323231839194
ywqA~~~rapA.aln,0.05990487250988823
group_2976.aln,0.08464562360780076
group_2975.aln,0.055088533053797954
group_2985.aln,0.06870127075094752
group_3006.aln,0.048685966341870085
menD.aln,0.039844733012463635
treA.aln,0.062292354032760545
group_3028.aln,0.02640227186631548
group_2999.aln,0.03740594819724065
gshAB.aln,0.04098920518996472
group_3000.aln,0.0348901037657352
group_3011.aln,0.01128896972248673
hly_2~~~hly~~~hly_1.aln,0.019360931371300714
ettA_1~~~ettA_2.aln,0.07335306130915789
group_3008.aln,0.03989758436273245
ybiT_2~~~ybiT.aln,0.029702886063374036
tsaE.aln,0.05791261775139189
group_3020.aln,0.04307104770754945
fepC~~~yclP~~~yusV_1.aln,0.04340066841365059
group_3014.aln,0.08937904160771624
group_3013.aln,0.05032320116300712
nfrA2_2~~~nfrA2~~~nfrA2_1.aln,0.0414940104143735
group_3018.aln,0.024145337123202625
actA~~~actA_2~~~actA_1.aln,0.06591928392758821
xylF~~~menH_3.aln,0.08640223203903923
group_3016.aln,0.05291420157886878
atpA_1~~~atpA_2.aln,0.020144828280225888
trmB.aln,0.044262833637701865
group_3042.aln,0.022300096252714337
mngR.aln,0.03863762379124099
aroH.aln,0.07698515051731
group_3022.aln,0.03227166815770214
purN.aln,0.07949102477233531
dat.aln,0.06291809281361217
group_3010.aln,0.02740252784078624
acsA.aln,0.06536767966681453
group_3017.aln,0.05495276028538652
group_3001.aln,0.054318591424589634
act.aln,0.05333521048132465
group_3009.aln,0.0352249642350929
pdeG.aln,0.027197370472889972
folE_1~~~folE_2~~~folE.aln,0.017041453037107555
group_3015.aln,0.035818587786225355
group_3050.aln,0.09876383608002665
group_3054.aln,0.033265870369463484
group_3031.aln,0.028002630485808557
group_3034.aln,0.04032837599295285
group_3021.aln,0.027038694808240775
group_3012.aln,0.02691845070988729
bfmBAB_1~~~bfmBAB_2~~~bfmBAB.aln,0.06324454280176818
group_3038.aln,0.0527334997923144
btuC~~~feuB.aln,0.04491233606781035
group_40.aln,0.04112212597933071
group_3041.aln,0.039711473282462544
ilvA.aln,0.03962391010304039
rpe_6~~~rpe_7~~~rpe_2.aln,0.02982899543821054
group_3051.aln,0.021705178073265583
ung_3~~~ung_2~~~ung_1.aln,0.04522455619486272
mntD~~~mntB_3~~~mntB_2~~~mntB_1.aln,0.02960447767849548
purH_1~~~purH_2~~~purH.aln,0.0682027066296766
cls~~~clsA_2~~~clsA.aln,0.02517177372596615
aroC_1~~~aroC_2~~~aroC.aln,0.04471965536733524
group_3053.aln,0.060148910470343785
group_3049.aln,0.055366606725853675
group_3019.aln,0.0554941533999102
group_3040.aln,0.07302043837043665
dgcA.aln,0.0519949526753061
pyrB.aln,0.07389311048585473
group_3056.aln,0.11391281034482874
lpd.aln,0.03630445996616207
group_3061.aln,0.03439374625677846
cobD_1~~~cobD_2.aln,0.046390866694471435
group_3075.aln,0.030894434421034712
group_3062.aln,0.09788056076304286
ctpA.aln,0.04925121201213243
group_3055.aln,0.08417414295215742
sauU.aln,0.06788417780619511
algC.aln,0.026470815287974955
group_3044.aln,0.05068050503671713
group_3064.aln,0.060166467189297544
group_3066.aln,0.02575696571362484
cbiD_2~~~cbiD_1~~~cbiD.aln,0.03209356259032313
group_3026.aln,0.027035474947566116
aptB~~~aptB_2~~~aptB_1.aln,0.025932360571290874
group_3068.aln,0.020968358202391006
pheT_1~~~pheT_2.aln,0.09956431836684752
phrB~~~phr.aln,0.06190849573553837
group_3070.aln,0.04174662941548146
gadB_1.aln,0.03237537154459085
dgt_2~~~dgt_1~~~dgt.aln,0.03123740252164639
group_3073.aln,0.04465212404806445
lrp.aln,0.038555291988494146
group_3057.aln,0.1011744490653759
rlmCD_1~~~rlmCD_2.aln,0.04655716167884813
group_3063.aln,0.02518323660260397
mfd_1~~~mfd_2~~~mfd.aln,0.04431716768364696
stp.aln,0.03991111852825616
group_3078.aln,0.03145562959217781
group_3081.aln,0.04436454711916316
group_3092.aln,0.029468142751405038
rlmCD_2~~~rlmCD_1.aln,0.045109055577240646
group_3096.aln,0.03141334932231647
group_3085.aln,0.02393275991123101
group_3094.aln,0.09262001238988314
gmuC_1~~~licC_1.aln,0.03462559019243623
ubiE_1~~~ubiE_2.aln,0.032380004616231736
group_3087.aln,0.061079748085270016
group_3072.aln,0.06250830432674565
group_3084.aln,0.0736223583876282
group_3093.aln,0.04730544429305662
group_3067.aln,0.04980979788123035
yhfP.aln,0.04099776316265516
pabA~~~trpG~~~trpG_1.aln,0.10049780580735926
group_3082.aln,0.024362391832646275
mvaS.aln,0.03392644513885874
group_3089.aln,0.048327169923385836
group_3059.aln,0.022330223272895314
recF_1~~~yeeO_1.aln,0.04497725621414036
rsmB.aln,0.037150919987917044
group_3103.aln,0.02878136043704154
metE_2.aln,0.03622850978975731
bmr3_2~~~bmr3.aln,0.03022886571744309
group_3076.aln,0.03383199819432206
thrB_2~~~thrB_3.aln,0.06997430158783059
ydhF~~~smoB.aln,0.037494852734188844
group_3095.aln,0.044150803488089765
group_3086.aln,0.06192548332766803
purR_3~~~purR_2.aln,0.04088426801153059
group_3077.aln,0.04325313754770222
mvaA.aln,0.0417266465521647
paeA.aln,0.025939768681131608
pheA.aln,0.04240957397637529
uhpT.aln,0.023570263942020324
sctN.aln,0.028206267936623283
tyrC.aln,0.04845973871558843
group_3114.aln,0.02445200858597605
pheT_1~~~pheT_2~~~pheT_3.aln,0.04377302501909151
purB_1~~~purB_2~~~purB.aln,0.03578658753259315
group_3074.aln,0.044507552417639595
group_3115.aln,0.04885320387684834
group_3117.aln,0.011350814559583389
aroA_1~~~aroA1.aln,0.10101543154254271
group_3097.aln,0.054185572417363694
guaA_2~~~guaA_1.aln,0.03174375662963079
gatA_1~~~gatA_3~~~amiD~~~gatA_2.aln,0.12025632097295859
group_3110.aln,0.023067793600558738
group_3123.aln,0.06417930754077333
group_3104.aln,0.06419120865609862
glmS_3.aln,0.06203211256205232
group_3098.aln,0.05885552463798345
group_3109.aln,0.027898206932256545
group_3099.aln,0.0695725280239859
group_3106.aln,0.01861634660567575
norM_2~~~yeeO_2.aln,0.04593421828586628
group_3126.aln,0.04374454577161522
group_3135.aln,0.025693223940729665
gltC_3.aln,0.04682692089216387
group_3116.aln,0.022088541543391207
group_3105.aln,0.02403204224331549
group_3124.aln,0.04935977697740423
gmuR_3~~~gmuR_1.aln,0.0481882756661327
group_3100.aln,0.040619973011719296
group_3108.aln,0.0283372975362891
cheR_2~~~cheR_1~~~cheR.aln,0.02584927139097465
group_3128.aln,0.04756256862731148
group_3112.aln,0.033695958380062604
ywlC.aln,0.04050623031036986
group_3137.aln,0.017532321511652328
group_3101.aln,0.04455457583313944
ganS.aln,0.04178155162972458
group_3102.aln,0.04602858159348875
group_3125.aln,0.06754024003084659
group_3154.aln,0.04357484710852583
group_3150.aln,0.03259935075588414
group_3122.aln,0.071909807710199
smc_4~~~smc_3~~~smc_2.aln,0.0473583016183833
group_3146.aln,0.04518965171891932
sbnD_3~~~sbnD_2~~~mdtG~~~sbnD_1.aln,0.05742206888959075
group_3080.aln,0.04137924743429937
group_3153.aln,0.023777562108580542
group_3165.aln,0.028194117298293332
group_3155.aln,0.025143294746956122
group_3156.aln,0.07150869484886803
group_3161.aln,0.04647875665209568
group_3162.aln,0.03446365539850506
yfcJ.aln,0.05052983518294165
argJ~~~argJ_1.aln,0.04365339795450399
argD.aln,0.038127817439314954
yfmO~~~mdtD.aln,0.04621573212142392
emrD~~~mdtL.aln,0.06617942298550902
nadK1_2~~~nadK1_1.aln,0.01872930237942654
group_3160.aln,0.020037665688867543
group_3170.aln,0.06997902710701615
rtcB1~~~rtcB.aln,0.07648714318172431
group_3136.aln,0.01796619108480372
smc_3~~~pyrF.aln,0.03662011246230977
nadC_1~~~nadC.aln,0.09266054900990518
efp_2~~~efp_1~~~efp.aln,0.03231090693085877
htrB.aln,0.019452032653103964
group_3174.aln,0.01910069616920643
resE_1~~~rcsC_1~~~sasA.aln,0.026609759022263594
group_3121.aln,0.0560119215869732
group_3169.aln,0.04379188804530734
garK_2~~~garK_1.aln,0.050901692556065664
group_3151.aln,0.0646232630569003
group_3171.aln,0.053492151546916014
group_3188.aln,0.026542343366879665
group_3185.aln,0.012644140737713246
group_3192.aln,0.08712276334899295
dhaM.aln,0.04730010555128473
group_3147.aln,0.0307380449665955
atpE_2~~~atpE.aln,0.03736307502534224
radA_1~~~radA_2~~~radA.aln,0.029951185899031816
group_3163.aln,0.04873962745660453
group_3138.aln,0.05050222022327698
group_3178.aln,0.05198946018936113
rsmG.aln,0.05189676668062373
fni.aln,0.05393328539067723
hrcA_2~~~hrcA.aln,0.023135766051567253
ycjO.aln,0.022453285509993506
adhR_3~~~adhR_1~~~adhR_2.aln,0.04569848400475219
fcl~~~sdmB.aln,0.05692913828300068
menC_2~~~menC_1~~~menC.aln,0.027427203822698594
dgaF.aln,0.03239214810614461
group_3194.aln,0.09773582915085414
hemW_1~~~hemW.aln,0.04357799567572149
group_3149.aln,0.04183137669360801
group_3189.aln,0.08305899179382645
group_3083.aln,0.04839455794051881
group_3204.aln,0.11232682794665282
group_3186.aln,0.03747204610385276
mngB_2~~~mngB_1~~~mngB_4~~~mngB_3.aln,0.06491192019649518
group_3208.aln,0.028228379539773665
nagB_3~~~nagB_4~~~nagB_1.aln,0.04411818991733795
iolU_1~~~iolG_2.aln,0.04695876136446696
group_3191.aln,0.03538871692339328
cheA_2~~~cheA_1~~~cheA.aln,0.03275299214395122
group_3217.aln,0.07171988629245984
bcaP_1~~~bcaP_2.aln,0.024681513693229948
group_3203.aln,0.129772249205098
yfhP_2~~~yfhP_1~~~yfhP.aln,0.02595635353926399
zupT.aln,0.024974630985994277
hemC.aln,0.014005854400517641
group_3196.aln,0.043634735293543454
clpC_1~~~clpC_2~~~clpC.aln,0.03474655101287554
dnaJ.aln,0.03770244933403379
bdlA.aln,0.021858336987638952
zitB.aln,0.03222865105036553
group_3195.aln,0.04360396600332301
group_3215.aln,0.02368033433559514
menH_2~~~menH_1.aln,0.05709674229486325
group_3168.aln,0.4048291646049157
group_3205.aln,0.05883728521419468
sapB.aln,0.07155078042774624
UgpQ~~~bagdpd.aln,0.03275108527383598
inlJ_1~~~inlJ_3~~~inlJ_2~~~inlJ~~~inlJ_4.aln,0.09010479290326391
group_3216.aln,0.046834052704273404
bglH_1~~~bglH_2~~~bglH_4.aln,0.05283260477317118
group_3221.aln,0.04334259364346684
cbbY.aln,0.06620361235416479
group_3211.aln,0.03646155670642617
group_3214.aln,0.03214294860466965
group_3206.aln,0.042502675319395736
group_3242.aln,0.03266045918956292
group_3210.aln,0.03652704282676241
mhqA_1~~~mhqA_2.aln,0.043319961872095386
group_3233.aln,0.03135745305758718
group_3222.aln,0.05134329485267702
mngA_1~~~mngA_4~~~fryC.aln,0.027522451219168634
group_3202.aln,0.034992991478732784
bglK_2~~~bglK_3.aln,0.024538239838488893
rho.aln,0.07683554111289181
group_3258.aln,0.15304262324317616
recR_2~~~recR_1~~~recR.aln,0.02997158814092902
ylmA~~~ylmA_1.aln,0.039858635071820366
group_3223.aln,0.12427911285395839
trpD2~~~trpD2_1.aln,0.044375667810851824
ypbG.aln,0.04670354021077938
rsgA_1~~~rsgA_2.aln,0.033319331549679275
group_3264.aln,0.08871785602732249
rhaR_2~~~rhaR_1.aln,0.07836666419818794
guaB_3~~~guaB_2.aln,0.05786164611911032
znuB_2~~~znuB_1.aln,0.03110537369341099
plcB~~~plcB_1~~~plcB_2.aln,0.028589290281348836
group_3244.aln,0.04073075307450716
group_3262.aln,0.0207933651128536
group_3278.aln,0.091098094940975
comFA.aln,0.03210552619687003
yitU_2~~~cof.aln,0.016627685804642
group_3224.aln,0.0561930834468197
pepT_3~~~pepT_1.aln,0.03987557101136523
proC_2~~~proC_3.aln,0.03940884857101105
yiiM.aln,0.03144100715440201
group_3259.aln,0.11109349639491699
proA~~~proA_2.aln,0.1356910258817893
group_3265.aln,0.02247900321516788
group_3270.aln,0.06349385600169052
tcyN_2~~~tcyN_1~~~tcyN.aln,0.04031741193078548
atpD_1~~~atpD_3~~~atpD_2.aln,0.038907069228098605
group_3308.aln,0.026788579818838445
pknD~~~pknD_2.aln,0.06127559201713609
group_3267.aln,0.03471953963062553
group_3304.aln,0.020104609214297152
atpB.aln,0.04697675386227467
fluC2_1~~~fluC1.aln,0.04070028347208771
group_3311.aln,0.0679189941474786
rpe_4~~~rpe_1~~~rpe_5~~~rpe_2.aln,0.043285082567487296
group_3269.aln,0.04166491423201895
group_3290.aln,0.03501674693509716
group_3209.aln,0.0671628528439513
yhfK.aln,0.051404255794095126
group_3335.aln,0.027052814461944415
group_3316.aln,0.045452366836973096
cbiM~~~cbiN.aln,0.017008242439397026
group_3313.aln,0.08142514818745271
agrB.aln,0.008757422264639178
glpK_1~~~glpK_2.aln,0.02843712772653247
group_3336.aln,0.030251784372490313
group_3305.aln,0.05361445474637911
dinG_2.aln,0.04350161196338859
group_3307.aln,0.07342587686554886
group_3327.aln,0.08337598370309596
group_3330.aln,0.0879198374739995
group_3295.aln,0.03319692555398018
alsD.aln,0.032904715199286734
group_3334.aln,0.035427192108060925
pyrE.aln,0.03280890832153377
group_3323.aln,0.02881937286803626
inlH_1~~~inlH_2~~~inlE.aln,0.0727768390373953
mdxE_2~~~mdxE_1~~~mdxE.aln,0.03087911303527929
group_3257.aln,0.04901521262800727
group_3324.aln,0.050975608513185805
mdtP~~~emrB_1~~~emrB_2~~~emrB.aln,0.05917779786442616
group_3331.aln,0.044587064734299506
nifS.aln,0.16572708090658664
dinG_1~~~dinG_2.aln,0.03823812750150163
inlH_2~~~inlH_1~~~inlC2~~~inlH.aln,0.0727569223589821
group_3287.aln,0.02741935970542291
group_3366.aln,0.04589508856730106
btuD_3~~~drrA1_1.aln,0.04902439446536714
group_3368.aln,0.08785520441050362
ispG_2~~~ispG~~~ispG_1.aln,0.02730200442174013
group_3380.aln,0.024983444227153664
dnaE~~~dnaE_1.aln,0.052824544555113435
mntH_1~~~mntH~~~mntH_2.aln,0.03955826417164511
group_3296.aln,0.04404831728197649
group_3360.aln,0.05427519026133943
yhaN.aln,0.07791308986164565
group_3377.aln,0.04358386097438031
moeA_1~~~moeA_2~~~moeA.aln,0.03890376264234338
group_3346.aln,0.032507431413767884
tal_2~~~tal_3.aln,0.046937580064725655
group_3399.aln,0.0916155389901682
group_3367.aln,0.10437738101439363
abrB.aln,0.03627463148284593
group_3409.aln,0.1093087921011253
treB~~~treB_1~~~treB_2.aln,0.06872942093977591
ftsH_2~~~ftsH~~~ftsH_1.aln,0.024118772889049962
group_3473.aln,0.06371998292396146
levS~~~inlA_2.aln,0.09493332608896095
cobC~~~cobC_1.aln,0.051937663720198306
iolS.aln,0.03795490101154406
ltaE~~~ltaA.aln,0.09791281824036324
pilC~~~comGA.aln,0.36273036842193507
group_3477.aln,0.07416311315695857
ytnP~~~ytnP_2~~~ytnP_1.aln,0.0628514834353992
group_3469.aln,0.05815874834220082
ycjU_1~~~ycjU.aln,0.05014478070797927
group_3414.aln,0.06117116134357242
dagK_4~~~dagK_1~~~dagK_2.aln,0.029991549218550625
addA_2~~~addA~~~addB.aln,0.3939310149576336
group_3494.aln,0.05827267747625225
group_3501.aln,0.0440623151672125
group_3499.aln,0.02233199156051143
metE_1.aln,0.058091364003193154
group_3481.aln,0.04696376654934724
group_3503.aln,0.1342920831206422
ridA.aln,0.06997974561096901
group_3489.aln,0.03813451916320701
ytrB_2~~~ytrB_1~~~ytrB_3.aln,0.04971846543250769
fabG_3~~~fabG_2~~~fabG_1.aln,0.06012219644775665
group_3512.aln,0.06063517996008145
recS.aln,0.029246641736487493
group_3521.aln,0.05386618030862902
group_3516.aln,0.09652228733770006
group_3517.aln,0.040530633244604236
yusV_2~~~yusV_3~~~yusV.aln,0.03009857307551415
mntA.aln,0.031140005670653968
nagA_2~~~nagA_1.aln,0.07728063521503277
group_3474.aln,0.26291769050112807
group_3532.aln,0.08429198795843779
group_3542.aln,0.03479063069287668
mutL.aln,0.038277966267158375
group_3568.aln,0.05455124892389389
group_3275.aln,0.06487445397880713
group_3573.aln,0.0975196899002846
hbp2_2~~~hbp2_1~~~hbp2.aln,0.04026549364997107
group_3533.aln,0.06154042938715009
mobB~~~moaE.aln,0.39227634987356563
group_3569.aln,0.026888567681302905
group_3579.aln,0.056263752162921295
ygaZ.aln,0.048735185179193126
pflB_2.aln,0.023891373583816503
group_3576.aln,0.024001127476541477
UgpQ_1.aln,0.030918019373412396
group_3562.aln,0.06654593636450833
group_3572.aln,0.026827399178241534
group_3587.aln,0.052069659846664056
group_3540.aln,0.05904035991025062
group_3575.aln,0.014492279815474143
group_3559.aln,0.05729446365424161
gltB_2~~~gltB_1~~~gltB.aln,0.03344381823205145
rpiA~~~rpiA_2~~~rpiA_1.aln,0.02872286044864183
group_3556.aln,0.08284940124184884
oatA_1~~~oatA_2~~~oatA.aln,0.03815213153700774
rsmI.aln,0.03195530110572195
group_3649.aln,0.041501885693981784
nadB.aln,0.1275790207224612
group_3652.aln,0.09119548664056341
inlI_1~~~inlI_2.aln,0.05678213528634597
group_3645.aln,0.06202974720857917
group_3643.aln,0.05967317118540319
rph_1~~~rphC~~~rph_3.aln,0.0526513793287818
hbp1_1~~~hbp1_2~~~hbp1.aln,0.05872170683487508
glcR.aln,0.04692558142777542
group_3302.aln,0.06286644024494377
group_3644.aln,0.052598052152556134
group_3665.aln,0.05032982844411737
group_3557.aln,0.15873400839984753
group_3681.aln,0.3768616491454248
inlB~~~inlB_2~~~inlB_1.aln,0.04917604545680702
group_3855.aln,0.0608802915544207
inlI~~~inlI_2~~~inlI_1.aln,0.04667650291897141
group_3656.aln,0.3516778645576613
group_3707.aln,0.03740856397396674
sttH.aln,0.05016439113874701
group_3658.aln,0.04484936584846613
ywnA.aln,0.101549280002148
cydD_2~~~cydC_2~~~msbA.aln,0.03938667660763836
group_3727.aln,0.09029728166446642
barS1.aln,0.0536912066296011
group_3760.aln,0.02786114349267561
inlI_2~~~inlK.aln,0.07324602436935054
group_3764.aln,0.05507492004991832
group_3804.aln,0.03195217813568266
group_3812.aln,0.04244759419977899
group_3789.aln,0.04968020804700505
inlA_1~~~inlA_2~~~inlA~~~inlA_3.aln,0.22860921384459
cwlC.aln,0.0824302947038893
group_3724.aln,0.0532584008421922
group_4212.aln,0.024189315961975558
group_3197.aln,0.10774572437732872
group_4447.aln,0.3347079097562966
